ticker,name,sector,industry,mcap,exch
3IN.L,3i Infrastructure Ord,Financial Services,Asset Management,4857350443.0,LSE
A,Agilent Technologies Inc.,Health Care,Life Sciences Tools & Services,37927784448.0,NYQ
A2A.MI,A2A S.p.A.,Utilities,Utilities - Diversified,8286393999.0,MIL
AA,Alcoa Corporation,Materials,Aluminum,12846262272.0,NYQ
AAF.L,Airtel Africa Plc,Communication Services,Telecom Services,16642967712.0,LSE
AAL,American Airlines Group Inc.,Industrials,Passenger Airlines,11210478592.0,NMS
AAL.L,Anglo American plc,Basic Materials,Other Industrial Metals & Mining,50294091545.0,LSE
AAMI,Acadian Asset Management Inc.,Financial Services,Asset Management,2909463296.0,NYQ
AAON,AAON Inc.,Industrials,Building Products,9351041024.0,NMS
AAP,Advance Auto Parts Inc.,Consumer Discretionary,Automotive Retail,3496077568.0,NYQ
AAPL,Apple Inc.,Technology,Consumer Electronics,4631217307648.0,NMS
AAS.L,Aberdeen Asia Focus PLC,,,813342958.0,LSE
AAT,American Assets Trust Inc.,Real Estate,Diversified REITs,1542140312.0,
ABAT,American Battery Technology Company,Basic Materials,Metal Mining,358769896.0,
ABBV,AbbVie Inc.,Health Care,Biotechnology,438305980416.0,NYQ
ABCB,Ameris Bancorp,Financials,Regional Banks,6083915776.0,NYQ
ABDN.L,Aberdeen Group Plc,Financial Services,Asset Management,6096679568.0,LSE
ABF.L,Associated British Foods plc,Consumer Defensive,Packaged Foods,18908105981.0,LSE
ABG,Asbury Automotive Group Inc,Consumer Discretionary,Automotive Retail,3946627072.0,NYQ
ABM,ABM Industries Incorporated,Industrials,Environmental & Facilities Services,2612709120.0,NYQ
ABNB,Airbnb Inc. Class A,Consumer Discretionary,"Hotels, Resorts & Cruise Lines",88206696448.0,NMS
ABR,Arbor Realty Trust,Financials,Mortgage REITs,971424075.0,
ABT,Abbott Laboratories,Health Care,Health Care Equipment,163608510464.0,NYQ
ABX.TO,Barrick Mining Corporation,Basic Materials,Gold,58324280655.0,TSX
AC.PA,Accor SA,Consumer Cyclical,Lodging,12765587495.0,PAR
ACA,Arcosa Inc.,Industrials,Construction & Engineering,7120486912.0,NYQ
ACA.PA,Crédit Agricole S.A.,Financial Services,Banks - Regional,62032830264.0,PAR
ACAD,ACADIA Pharmaceuticals Inc.,Health Care,Pharmaceuticals,4489804288.0,NMS
ACGL,Arch Capital Group Ltd.,Financials,Property & Casualty Insurance,35309314048.0,NMS
ACHC,Acadia Healthcare Company Inc.,Health Care,Health Care Facilities,2876728576.0,NMS
ACHV,Achieve Life Sciences Inc. Common Shares,Health Care,Biotechnology: In Vitro & In Vivo Diagnostic Substances,627246838.0,
ACI,Albertsons Companies Inc. Class A,Consumer Staples,Food Retail,7229129728.0,NYQ
ACIW,ACI Worldwide Inc.,Information Technology,Application Software,5735745536.0,NMS
ACLS,Axcelis Technologies Inc.,Information Technology,Semiconductor Materials & Equipment,4405704192.0,NMS
ACMR,ACM Research Inc. Class A,Information Technology,Semiconductor Materials & Equipment,7118277120.0,NGM
ACN,Accenture plc Class A Ordinary Shares (Ireland),Information Technology,IT Consulting & Other Services,82752921600.0,NYQ
ACS.MC,"ACS, Actividades de Construcción y Servicios, S.A.",Industrials,Engineering & Construction,36179341303.0,BME
ACT,Enact Holdings Inc.,Financials,Commercial & Residential Mortgage Finance,6247133696.0,NMS
ACTG,Acacia Research Corporation (Acacia Tech),Miscellaneous,Multi-Sector Companies,426923963.0,
ACX.MC,"Acerinox, S.A.",Basic Materials,Steel,4681325714.0,BME
ADAM,Adamas Trust Inc.,Real Estate,Mortgage REITs,825823583.0,
ADBE,Adobe Inc.,Information Technology,Application Software,88896897024.0,NMS
ADC,Agree Realty Corporation,Real Estate,Retail REITs,9389114368.0,NYQ
ADEA,Adeia Inc.,Information Technology,IT Consulting & Other Services,3196312832.0,NMS
ADI,Analog Devices Inc.,Information Technology,Semiconductors,192715980800.0,NMS
ADM,Archer-Daniels-Midland Company,Consumer Defensive,Farm Products,38754123776.0,NYQ
ADM.L,Admiral Group plc,Financial Services,Insurance - Property & Casualty,14380276142.0,LSE
ADMA,ADMA Biologics Inc,Health Care,Biotechnology,2104496256.0,NGM
ADNT,Adient plc,Consumer Discretionary,Automotive Parts & Equipment,1565131205.0,
ADP,Automatic Data Processing Inc.,Industrials,Human Resource & Employment Services,96703717376.0,NMS
ADS.DE,adidas AG,Consumer Cyclical,Footwear & Accessories,37123556037.0,XETR
ADSK,Autodesk Inc.,Information Technology,Application Software,44013228032.0,NMS
ADT,ADT Inc.,Consumer Discretionary,Specialized Consumer Services,4920089600.0,NYQ
ADUR,Aduro Clean Technologies Inc.,Industrials,Major Chemicals,562609730.0,
ADUS,Addus HomeCare Corporation,Health Care,Health Care Services,2019715456.0,NMS
AEE,Ameren Corporation,Utilities,Multi-Utilities,31256328192.0,NYQ
AEIS,Advanced Energy Industries Inc.,Information Technology,Semiconductor Materials & Equipment,12325281792.0,NMS
AEM.TO,Agnico Eagle Mines Limited,Basic Materials,Gold,68631936032.0,TSX
AENA.MC,"Aena S.M.E., S.A.",Industrials,Airports & Air Services,45034326553.0,BME
AEO,American Eagle Outfitters Inc.,Consumer Discretionary,Apparel Retail,2816907520.0,NYQ
AEP,American Electric Power Company Inc.,Utilities,Electric Utilities,73688137728.0,NMS
AEP.L,AEP Plantations Plc,Consumer Defensive,Farm Products,867355922.0,LSE
AES,The AES Corporation,Utilities,Utilities - Diversified,10540470272.0,NYQ
AESI,Atlas Energy Solutions Inc.,Energy,Oil & Gas Equipment & Services,1797391354.0,
AFL,AFLAC Incorporated,Financial Services,Insurance - Life,62050349056.0,NYQ
AGNT,AGNT Inc.,Real Estate,Real Estate Services,742744136.0,
AGO,Assured Guaranty Ltd.,Financials,Property & Casualty Insurance,3635590144.0,NYQ
AGT.L,AVI Global Trust Ord,,,1342267287.0,LSE
AGX,Argan Inc.,Industrials,Construction & Engineering,8836612096.0,NYQ
AGYS,Agilysys Inc. Common Stock (DE),Information Technology,Application Software,3069599232.0,NMS
AHCO,AdaptHealth Corp.,Health Care,Health Care Equipment,1390473433.0,
AHR,"American Healthcare REIT, Inc.",Real Estate,REIT - Healthcare Facilities,10324133888.0,NYQ
AI.PA,L'Air Liquide S.A.,Basic Materials,Specialty Chemicals,128832579875.0,PAR
AIE.L,Ashoka India Equity Investment Ord,,,571310758.0,LSE
AIG,American International Group Inc. New,Financials,Multi-line Insurance,41976426496.0,NYQ
AIN,Albany International Corporation,Industrials,Industrial Machinery & Supplies & Components,2057719680.0,NYQ
AIOT,PowerFleet Inc.,Telecommunications,Telecommunications Equipment,568926923.0,
AIR,AAR Corp.,Industrials,Aerospace & Defense,5394818048.0,NYQ
AIR.PA,Airbus SE,Industrials,Aerospace & Defense,176198584974.0,PAR
AIT,Applied Industrial Technologies Inc.,Industrials,Trading Companies & Distributors,12239151104.0,NYQ
AIZ,Assurant Inc.,Financials,Multi-line Insurance,13818341376.0,NYQ
AJB.L,AJ Bell plc,Financial Services,Asset Management,3221259902.0,LSE
AJG,Arthur J. Gallagher & Co.,Financials,Insurance Brokers,65029451776.0,NYQ
AKAM,Akamai Technologies Inc.,Information Technology,Internet Services & Infrastructure,18346190848.0,NMS
AKR,Acadia Realty Trust,Real Estate,Retail REITs,3086176512.0,NYQ
ALB,Albemarle Corporation,Materials,Specialty Chemicals,14865662976.0,NYQ
ALFA.L,Alfa Financial Software Holdings PLC,Technology,Software - Application,645460153.0,LSE
ALG,Alamo Group Inc.,Industrials,Construction Machinery & Heavy Transportation Equipment,1964944028.0,
ALGM,Allegro MicroSystems Inc.,Information Technology,Semiconductors,10222777344.0,NMS
ALGN,"Align Technology, Inc.",Healthcare,Medical Instruments & Supplies,12851872768.0,NMS
ALGT,Allegiant Travel Company,Industrials,Passenger Airlines,2983939840.0,NMS
ALHC,Alignment Healthcare Inc.,Health Care,Health Care Services,4099531776.0,NMS
ALIT,Alight Inc. Class A,Consumer Discretionary,Business Services,527034382.0,
ALK,Alaska Air Group Inc.,Industrials,Passenger Airlines,5506819584.0,NYQ
ALKS,Alkermes plc,Health Care,Pharmaceuticals,8657140736.0,NMS
ALL,Allstate Corporation (The),Financial Services,Insurance - Property & Casualty,64769679360.0,NYQ
ALLE,Allegion plc,Industrials,Building Products,11741417472.0,NYQ
ALLY,Ally Financial Inc.,Financials,Consumer Finance,13974386688.0,NYQ
ALMU,Aeluma Inc.,Technology,Semiconductors,322173896.0,
ALNY,Alnylam Pharmaceuticals Inc.,Health Care,Biotechnology: Pharmaceutical Preparations,39888220160.0,NMS
ALRM,Alarm.com Holdings Inc.,Financials,Application Software,2547219968.0,NMS
ALV,Autoliv Inc.,Consumer Discretionary,Automotive Parts & Equipment,9003065344.0,NYQ
ALV.DE,Allianz SE,Financial Services,Insurance - Diversified,182092138686.0,XETR
ALW.L,Alliance Witan Ord,,,6645163245.0,LSE
AM,Antero Midstream Corporation,Energy,Oil & Gas Storage & Transportation,10582554624.0,NYQ
AMAT,Applied Materials Inc.,Information Technology,Semiconductor Materials & Equipment,478360567808.0,NMS
AMC,AMC Entertainment Holdings Inc. Class A,Consumer Discretionary,Movies/Entertainment,1687022766.0,
AMCR,Amcor plc,Materials,Paper & Plastic Packaging Products & Materials,19964086272.0,NYQ
AMD,"Advanced Micro Devices, Inc.",Technology,Semiconductors,909695778816.0,NMS
AME,AMETEK Inc.,Industrials,Electrical Components & Equipment,53628919808.0,NYQ
AMG,"Affiliated Managers Group, Inc.",Financial Services,Asset Management,9677651968.0,NYQ
AMGN,Amgen Inc.,Healthcare,Drug Manufacturers - General,196124606464.0,NMS
AMH,American Homes 4 Rent Common Shares of Beneficial Interest,Real Estate,Single-Family Residential REITs,13639103488.0,NYQ
AMKR,Amkor Technology Inc.,Information Technology,Semiconductors,17467576320.0,NMS
AML.L,Aston Martin Lagonda Global Holdings plc,Consumer Cyclical,Auto Manufacturers,504708605.0,LSE
AMN,AMN Healthcare Services Inc,Health Care,Health Care Services,1255504503.0,
AMP,Ameriprise Financial Inc.,Financials,Asset Management & Custody Banks,45556248576.0,NYQ
AMP.MI,Amplifon S.p.A.,Healthcare,Medical Distribution,3292846397.0,MIL
AMPH,Amphastar Pharmaceuticals Inc.,Health Care,Pharmaceuticals,825419444.0,
AMR,Alpha Metallurgical Resources Inc.,Materials,Steel,1865108195.0,
AMRX,Amneal Pharmaceuticals Inc. Class A,Health Care,Pharmaceuticals,5431826432.0,NMS
AMS.MC,"Amadeus IT Group, S.A.",Technology,Information Technology Services,24907010648.0,BME
AMSF,AMERISAFE Inc.,Financials,Property & Casualty Insurance,644531949.0,
AMT,American Tower Corporation (REIT),Real Estate,Telecom Tower REITs,78544912384.0,NYQ
AMTM,Amentum Holdings Inc.,Industrials,Diversified Support Services,5133085696.0,NYQ
AMZN,Amazon.com Inc.,Consumer Discretionary,Broadline Retail,2639149400064.0,NMS
AN,AutoNation Inc.,Consumer Discretionary,Automotive Retail,6551760896.0,NYQ
ANA.MC,"Acciona, S.A.",Industrials,Engineering & Construction,15465968150.0,BME
ANDE,Andersons Inc. (The),Consumer Staples,Food Distributors,2459043328.0,NMS
ANE.MC,"Corporación Acciona Energías Renovables, S.A.",Utilities,Utilities - Renewable,8015312250.0,BME
ANET,"Arista Networks, Inc.",Technology,Computer Hardware,235414323200.0,NYQ
ANF,Abercrombie & Fitch Company,Consumer Discretionary,Apparel Retail,4135259392.0,NYQ
ANGO,AngioDynamics Inc.,Health Care,Medical/Dental Instruments,528468923.0,
ANIP,ANI Pharmaceuticals Inc.,Health Care,Pharmaceuticals,1843141848.0,
ANSC,Agriculture & Natural Solutions Acquisition Corporation Class A,,,0.0,
ANTO.L,Antofagasta plc,Basic Materials,Copper,47646199925.0,LSE
AO.L,AO World plc,Consumer Cyclical,Specialty Retail,713995452.0,LSE
AON,Aon plc Class A Ordinary Shares (Ireland),Financials,Insurance Brokers,76234153984.0,NYQ
AORT,Artivion Inc.,Health Care,Health Care Equipment,1169409302.0,
AOS,A.O. Smith Corporation,Industrials,Building Products,8330361856.0,NYQ
AOSL,Alpha and Omega Semiconductor Limited Common Shares,Information Technology,Semiconductors,1124154950.0,
APA,APA Corporation,Energy,Oil & Gas Exploration & Production,11820044288.0,NMS
APAM,Artisan Partners Asset Management Inc. Class A,Financials,Asset Management & Custody Banks,2590544128.0,NYQ
APD,Air Products and Chemicals Inc.,Materials,Industrial Gases,66699546624.0,NYQ
APG,APi Group Corporation,Industrials,Construction & Engineering,17918310400.0,NYQ
APH,Amphenol Corporation,Information Technology,Electronic Components,195681091584.0,NYQ
APLE,Apple Hospitality REIT Inc. Common Shares,Real Estate,Hotel & Resort REITs,3909278464.0,NYQ
APN.L,Applied Nutrition Plc,Consumer Defensive,Packaged Foods,1128098069.0,LSE
APO,Apollo Global Management Inc. (New),Financials,Asset Management & Custody Banks,69378113536.0,NYQ
APOG,Apogee Enterprises Inc.,Industrials,Building Products,810107173.0,
APP,Applovin Corporation Class A,Information Technology,Application Software,170314629120.0,NMS
APPF,AppFolio Inc. Class A,Information Technology,Application Software,6208250880.0,NGM
APPS,Digital Turbine Inc.,Miscellaneous,Multi-Sector Companies,1274190498.0,
APTV,Aptiv PLC,Consumer Discretionary,Automotive Parts & Equipment,12817855488.0,NYQ
APXT,Apex Treasury Corporation Class A Ordinary Share,Technology,Computer Software: Prepackaged Software,0.0,
AR,Antero Resources Corporation,Energy,Oil & Gas Exploration & Production,10295849984.0,NYQ
ARCB,ArcBest Corporation,Industrials,Trucking,3275670016.0,NMS
ARE,Alexandria Real Estate Equities Inc.,Real Estate,Office REITs,8344022528.0,NYQ
ARES,Ares Management Corporation Class A,Financials,Asset Management & Custody Banks,40178618368.0,NYQ
ARI,Apollo Commercial Real Estate Finance Inc,Real Estate,Real Estate Investment Trusts,1385622392.0,
ARLO,Arlo Technologies Inc.,Information Technology,Communications Equipment,1411927621.0,
ARM,Arm Holdings plc American Depositary Shares,Technology,Semiconductors,345406013440.0,NMS
ARMK,Aramark,Industrials,Specialty Business Services,15219752960.0,NYQ
AROC,Archrock Inc.,Energy,Oil & Gas Equipment & Services,6752829440.0,NYQ
ARR,ARMOUR Residential REIT Inc.,Real Estate,Mortgage REITs,2114986112.0,NYQ
ARWR,Arrowhead Pharmaceuticals Inc.,Health Care,Biotechnology,10761477120.0,NMS
AS,Amer Sports Inc.,Consumer Discretionary,Apparel,20247406592.0,NYQ
ASGN,ASGN,,,,
ASHM.L,Ashmore Group Plc,Financial Services,Asset Management,1872333908.0,LSE
ASL.L,Aberforth Smaller Companies Ord,,,1827789255.0,LSE
ASMB,Assembly Biosciences Inc.,Health Care,Biotechnology: Pharmaceutical Preparations,435457459.0,
ASML,ASML Holding N.V. New York Registry Shares,Technology,Industrial Machinery/Components,692718862336.0,NMS
ASO,Academy Sports and Outdoors Inc.,Consumer Discretionary,Specialty Stores,2872070912.0,NMS
ASPN,Aspen Aerogels Inc.,Consumer Discretionary,RETAIL: Building Materials,427647657.0,
ASTE,Astec Industries Inc.,Industrials,Construction Machinery & Heavy Transportation Equipment,1301842711.0,
ASTH,Astrana Health Inc.,Health Care,Health Care Facilities,2324222720.0,NCM
ASTS,AST SpaceMobile Inc. Class A,Consumer Discretionary,Telecommunications Equipment,28457293824.0,NMS
ATD.TO,Alimentation Couche-Tard Inc.,Consumer Cyclical,Specialty Retail,58894980279.0,TSX
ATEN,"A10 Networks, Inc.",Technology,Software - Infrastructure,2676172032.0,NYQ
ATI,ATI Inc.,Industrials,Aerospace & Defense,25525428224.0,NYQ
ATMU,Atmus Filtration Technologies Inc.,Industrials,Industrial Machinery & Supplies & Components,4138341888.0,NYQ
ATO,Atmos Energy Corporation,Utilities,Utilities - Regulated Gas,29411272704.0,NYQ
ATOM,Atomera Incorporated,Technology,Semiconductors,256690395.0,
ATR.L,Schroder Asian Total Return Inv. Company,,,839071785.0,LSE
ATT.L,Allianz Technology Trust Ord,,,3170279214.0,LSE
ATYM.L,"Atalaya Mining Copper, S.A.",Basic Materials,Copper,1671383915.0,LSE
AUB,Atlantic Union Bankshares Corporation,Financials,Regional Banks,6019445760.0,NYQ
AUTL,Autolus Therapeutics plc American Depositary Share,Health Care,Biotechnology: Biological Products (No Diagnostic Substances),428510815.0,
AUTO.L,Autotrader Group plc,Communication Services,Internet Content & Information,5453547420.0,LSE
AV.L,Aviva plc,Financial Services,Insurance - Diversified,26558432293.0,LSE
AVA,Avista Corporation,Utilities,Utilities - Diversified,3462550528.0,NYQ
AVAV,AeroVironment Inc.,Industrials,Aerospace & Defense,7316909568.0,NMS
AVB,"AvalonBay Communities, Inc.",Real Estate,REIT - Residential,27216736256.0,NYQ
AVGO,Broadcom Inc.,Information Technology,Semiconductors,1902889402368.0,NMS
AVIO.MI,Avio S.p.A.,Industrials,Aerospace & Defense,1580303873.0,MIL
AVNS,Avanos Medical Inc.,Health Care,Health Care Supplies,1167342089.0,
AVON.L,Avon Technologies Plc,Industrials,Aerospace & Defense,667263859.0,LSE
AVTR,Avantor Inc.,Health Care,Life Sciences Tools & Services,7093828608.0,NYQ
AVY,Avery Dennison Corporation,Materials,Paper & Plastic Packaging Products & Materials,12292769792.0,NYQ
AWI,Armstrong World Industries Inc,Industrials,Building Products,6636558848.0,NYQ
AWK,American Water Works Company Inc.,Utilities,Water Utilities,25521213440.0,NYQ
AWR,American States Water Company,Utilities,Utilities - Regulated Water,3312171008.0,NYQ
AX,Axos Financial Inc.,Financials,Regional Banks,5540563456.0,NYQ
AXON,Axon Enterprise Inc.,Industrials,Aerospace & Defense,45604655104.0,NMS
AXP,American Express Company,Financials,Consumer Finance,239210004480.0,NYQ
AXTA,Axalta Coating Systems Ltd. Common Shares,Materials,Specialty Chemicals,6957754880.0,NYQ
AYI,Acuity Inc.,Industrials,Electrical Components & Equipment,9971829760.0,NYQ
AZM.MI,Azimut Holding S.p.A.,Financial Services,Asset Management,5953470016.0,MIL
AZN.L,AstraZeneca PLC,Healthcare,Drug Manufacturers - General,263799473329.0,LSE
AZO,AutoZone Inc.,Consumer Discretionary,Automotive Retail,50161938432.0,NYQ
AZTA,Azenta Inc.,Health Care,Life Sciences Tools & Services,1168913509.0,
AZZ,AZZ Inc.,Industrials,Heavy Electrical Equipment,4401041920.0,NYQ
B,Barrick Mining Corporation Common Shares,Basic Materials,Precious Metals,61605470208.0,NYQ
BA,Boeing Company (The),Industrials,Aerospace & Defense,175223848960.0,NYQ
BA.L,BAE Systems plc,Industrials,Aerospace & Defense,72422193652.0,LSE
BAB.L,Babcock International Group PLC,Industrials,Engineering & Construction,6841100481.0,LSE
BABA,Alibaba Group Holding Limited American Depositary Shares each representing eight Ordinary share,Consumer Discretionary,Business Services,269262307328.0,NYQ
BAC,Bank of America Corporation,Financials,Diversified Banks,423453556736.0,NYQ
BAG.L,A.G. BARR p.l.c.,Consumer Defensive,Beverages - Non-Alcoholic,976119453.0,LSE
BAH,Booz Allen Hamilton Holding Corporation,Industrials,Research & Consulting Services,7527059968.0,NYQ
BAK,Braskem SA ADR,Industrials,Major Chemicals,1040356223.0,
BALL,Ball Corporation,Materials,"Metal, Glass & Plastic Containers",16424747008.0,NYQ
BAM.TO,Brookfield Asset Management Ltd.,Financial Services,Asset Management,78880170633.0,TSX
BAMI.MI,Banco BPM S.p.A.,Financial Services,Banks - Regional,26786376427.0,MIL
BANC,Banc of California Inc.,Financials,Regional Banks,3161143296.0,NYQ
BANF,BancFirst Corporation,Financials,Regional Banks,3831535104.0,NMS
BANR,Banner Corporation,Financials,Regional Banks,2296700160.0,NMS
BARC.L,Barclays PLC,Financial Services,Banks - Diversified,95337089504.0,LSE
BAS.DE,BASF SE,Basic Materials,Chemicals,48986966695.0,XETR
BATS.L,British American Tobacco p.l.c.,Consumer Defensive,Tobacco,131866379424.0,LSE
BAX,Baxter International Inc.,Health Care,Health Care Equipment,11682529280.0,NYQ
BAYN.DE,Bayer Aktiengesellschaft,Healthcare,Drug Manufacturers - General,53639905699.0,XETR
BB,BlackBerry Limited,Technology,Software - Infrastructure,6429521920.0,NYQ
BBBY,Bed Bath & Beyond Inc.,Consumer Discretionary,Catalog/Specialty Distribution,425165714.0,
BBOX.L,Tritax Big Box Ord,,,5992808783.0,LSE
BBT,Beacon Financial Corporation Common stock,Financials,Regional Banks,2530407680.0,NYQ
BBVA.MC,"Banco Bilbao Vizcaya Argentaria, S.A.",Financial Services,Banks - Diversified,143165206109.0,BME
BBW,Build-A-Bear Workshop Inc.,Consumer Discretionary,Recreational Games/Products/Toys,431538788.0,
BBWI,Bath & Body Works Inc.,Consumer Discretionary,Other Specialty Retail,4097751552.0,NYQ
BBY,Best Buy Co. Inc.,Consumer Discretionary,Computer & Electronics Retail,17451517952.0,NYQ
BBY.L,Balfour Beatty plc,Industrials,Engineering & Construction,5531641210.0,LSE
BC,Brunswick Corporation,Consumer Discretionary,Leisure Products,5061509120.0,NYQ
BC.MI,Brunello Cucinelli S.p.A.,Consumer Cyclical,Luxury Goods,6507459894.0,MIL
BCAR,D. Boral ARC Acquisition I Corp. Class A,Finance,Blank Checks,0.0,
BCC,Boise Cascade L.L.C.,Industrials,Building Products,2676531200.0,NYQ
BCE.TO,BCE Inc.,Communication Services,Telecom Services,20610634342.0,TSX
BCG.L,Baltic Classifieds Group PLC,Communication Services,Internet Content & Information,1070587812.0,LSE
BCO,Brinks Company (The),Industrials,Security & Alarm Services,4292710144.0,NYQ
BCPC,Balchem Corporation,Materials,Specialty Chemicals,5209852928.0,NMS
BDC,Belden Inc,Information Technology,Electronic Components,4165454592.0,NYQ
BDX,Becton Dickinson and Company,Health Care,Health Care Equipment,41865613312.0,NYQ
BEI.DE,Beiersdorf Aktiengesellschaft,Consumer Defensive,Household & Personal Products,19992173676.0,XETR
BEN,Franklin Resources Inc.,Financials,Asset Management & Custody Banks,17407844352.0,NYQ
BETR,Better Home & Finance Holding Company Class A,Finance,Finance: Consumer Services,484954451.0,
BEZ.L,Beazley plc,Financial Services,Insurance - Specialty,10250208653.0,LSE
BF-B,Brown Forman Corporation,Consumer Staples,Distillers & Vintners,12008477696.0,NYQ
BFAM,Bright Horizons Family Solutions Inc.,Consumer Discretionary,Specialized Consumer Services,3856595200.0,NYQ
BFH,Bread Financial Holdings Inc.,Financials,Consumer Finance,3899281664.0,NYQ
BFS,Saul Centers Inc.,Real Estate,Retail REITs,886721788.0,
BG,Bunge Limited Common Shares,Consumer Staples,Agricultural Products & Services,22180151296.0,NYQ
BGC,BGC Group Inc. Class A,Financials,Investment Banking & Brokerage,5164230656.0,NMS
BGEO.L,Lion Finance Group PLC,Financial Services,Banks - Regional,6656746004.0,LSE
BGFD.L,Baillie Gifford Japan Ord,,,894990059.0,LSE
BHE,Benchmark Electronics Inc.,Information Technology,Electronic Manufacturing Services,3051700480.0,NYQ
BHF,"Brighthouse Financial, Inc.",Financial Services,Insurance - Life,3791421696.0,NMS
BHMG.L,BH Macro Limited,Financial Services,Asset Management,1844774944.0,LSE
BIIB,Biogen Inc.,Health Care,Biotechnology,29401931776.0,NMS
BILL,BILL Holdings Inc.,Information Technology,Application Software,4119320832.0,NYQ
BIO,Bio-Rad Laboratories Inc. Class A,Health Care,Life Sciences Tools & Services,7924376576.0,NYQ
BIVV,Bioverativ Inc.,,,,
BJ,BJ's Wholesale Club Holdings Inc.,Consumer Staples,Consumer Staples Merchandise Retail,11243319296.0,NYQ
BJRI,BJ's Restaurants Inc.,Consumer Discretionary,Restaurants,1308513688.0,
BKE,Buckle Inc. (The),Consumer Discretionary,Apparel Retail,2193640192.0,NYQ
BKG.L,The Berkeley Group Holdings plc,Consumer Cyclical,Residential Construction,4224429871.0,LSE
BKNG,Booking Holdings Inc.,Consumer Discretionary,"Hotels, Resorts & Cruise Lines",138230562816.0,NMS
BKR,Baker Hughes Company Class A,Energy,Oil & Gas Equipment & Services,57103474688.0,NMS
BKT.MC,"Bankinter, S.A.",Financial Services,Banks - Regional,16087075724.0,BME
BKU,BankUnited Inc.,Financials,Regional Banks,3505438976.0,NYQ
BL,BlackLine Inc.,Information Technology,Application Software,1708792512.0,
BLD,,Consumer Discretionary,Homebuilding,,
BLDR,Builders FirstSource Inc.,Industrials,Building Products,8141207040.0,NYQ
BLFS,BioLife Solutions Inc.,Health Care,Health Care Supplies,1376801955.0,
BLK,BlackRock Inc.,Financials,Asset Management & Custody Banks,168473886720.0,NYQ
BLKB,Blackbaud Inc.,Information Technology,Application Software,1359131017.0,
BLND.L,British Land Company PLC,Real Estate,REIT - Diversified,6016477058.0,LSE
BLW,Blackrock Limited Duration Income Trust,Consumer Discretionary,Other Consumer Services,455318476.0,
BLZE,Backblaze Inc. Class A,Technology,Computer Software: Prepackaged Software,1056000000.0,
BME.L,B&M European Value Retail plc,Consumer Defensive,Discount Stores,2707538538.0,LSE
BMED.MI,Banca Mediolanum S.p.A.,Financial Services,Banks - Regional,19015794328.0,MIL
BMI,Badger Meter Inc.,Information Technology,Electronic Equipment & Instruments,4207975168.0,NYQ
BMO.TO,Bank of Montreal,Financial Services,Banks - Diversified,127737758833.0,TSX
BMPS.MI,Banca Monte dei Paschi di Siena S.p.A.,Financial Services,Banks - Regional,39562014120.0,MIL
BMRN,BioMarin Pharmaceutical Inc.,Health Care,Biotechnology,11426975744.0,NMS
BMS,"Bemis Company, Inc.",,,,
BMW.DE,Bayerische Motoren Werke Aktiengesellschaft,Consumer Cyclical,Auto Manufacturers,40019875701.0,XETR
BMY,Bristol-Myers Squibb Company,Health Care,Pharmaceuticals,117582471168.0,NYQ
BMY.L,Bloomsbury Publishing Plc,Communication Services,Publishing,698012392.0,LSE
BN.PA,Danone S.A.,Consumer Defensive,Packaged Foods,53455763779.0,PAR
BN.TO,Brookfield Corporation,Financial Services,Asset Management,98701821830.0,TSX
BNKR.L,Bankers Ord,,,1855911840.0,LSE
BNL,"Broadstone Net Lease, Inc.",Real Estate,REIT - Diversified,4367365632.0,NYQ
BNP.PA,BNP Paribas SA,Financial Services,Banks - Regional,129746887716.0,PAR
BNR.DE,Brenntag SE,Basic Materials,Specialty Chemicals,9865783419.0,XETR
BNS.TO,The Bank of Nova Scotia,Financial Services,Banks - Diversified,109476679304.0,TSX
BNY,The Bank of New York Mellon Cor,Financial Services,Banks - Diversified,104274706432.0,NYQ
BNZL.L,Bunzl plc,Consumer Defensive,Food Distribution,12032343081.0,LSE
BOH,Bank of Hawaii Corporation,Financials,Regional Banks,3267941632.0,NYQ
BOOT,Boot Barn Holdings Inc.,Consumer Discretionary,Apparel Retail,4892922880.0,NYQ
BOWL.L,Hollywood Bowl Group plc,Consumer Cyclical,Leisure,651421704.0,LSE
BOX,Box Inc. Class A,Information Technology,Application Software,3967574784.0,NYQ
BOY.L,Bodycote plc,Industrials,Specialty Industrial Machinery,1571580642.0,LSE
BP.L,BP p.l.c.,Energy,Oil & Gas Integrated,106182496070.0,LSE
BPCR.L,BioPharma Credit Ord,,,1081793792.0,LSE
BPE.MI,BPER Banca SpA,Financial Services,Banks - Regional,32888270796.0,MIL
BPT.L,Bridgepoint Group plc,Financial Services,Asset Management,3702556784.0,LSE
BR,Broadridge Financial Solutions Inc.,Industrials,Data Processing & Outsourced Services,17056129024.0,NYQ
BRBR,BellRing Brands Inc.,Consumer Staples,Packaged Foods,1451147568.0,
BRBY.L,Burberry Group plc,Consumer Cyclical,Luxury Goods,5421544317.0,LSE
BRC,Brady Corporation,Industrials,Commercial Printing,4247689472.0,NYQ
BREE.L,Breedon Group plc,Basic Materials,Building Materials,1466159783.0,LSE
BRGE.L,BlackRock Greater Europe Ord,,,728553598.0,LSE
BRK-B,Berkshire Hathaway Inc.,Financials,Multi-Sector Holdings,1064860254208.0,NYQ
BRKR,Bruker Corporation,Health Care,Health Care Equipment,9142671360.0,NMS
BRO,Brown & Brown Inc.,Financials,Insurance Brokers,22933211136.0,NYQ
BROS,Dutch Bros Inc. Class A,Consumer Discretionary,Restaurants,11801610240.0,NYQ
BRSC.L,BlackRock Smaller Companies Ord,,,890406956.0,LSE
BRWM.L,BlackRock World Mining Trust Ord,,,2141450969.0,LSE
BRX,Brixmor Property Group Inc.,Real Estate,Retail REITs,9521139712.0,NYQ
BSIF.L,Bluefield Solar Income Fund Limited,Financial Services,Asset Management,734517391.0,LSE
BSX,Boston Scientific Corporation,Health Care,Health Care Equipment,66544123904.0,NYQ
BSY,Bentley Systems Incorporated Class B,Information Technology,Application Software,9621240832.0,NMS
BT-A.L,BT Group plc,Communication Services,Telecom Services,25675955079.0,LSE
BTRW.L,Barratt Redrow plc,Consumer Cyclical,Residential Construction,5544362245.0,LSE
BTSG,"BrightSpring Health Services, I",Healthcare,Health Information Services,14018739200.0,NMS
BTU,Peabody Energy Corporation,Energy,Coal & Consumable Fuels,2847261440.0,NYQ
BURL,Burlington Stores Inc.,Consumer Discretionary,Apparel Retail,20590737408.0,NYQ
BUT.L,Brunner Ord,,,872047129.0,LSE
BVI.PA,Bureau Veritas SA,Industrials,Consulting Services,13907086264.0,PAR
BWA,BorgWarner Inc.,Consumer Discretionary,Automotive Parts & Equipment,13330419712.0,NYQ
BWXT,BWX Technologies Inc.,Industrials,Aerospace & Defense,17040324608.0,NYQ
BWY.L,Bellway p.l.c.,Consumer Cyclical,Residential Construction,3002732667.0,LSE
BX,Blackstone Inc.,Financials,Asset Management & Custody Banks,150448226304.0,NYQ
BXMT,Blackstone Mortgage Trust Inc.,Financials,Mortgage REITs,2876053760.0,NYQ
BXP,BXP Inc.,Real Estate,Office REITs,11914769408.0,NYQ
BYD,Boyd Gaming Corporation,Consumer Cyclical,Resorts & Casinos,6407259648.0,NYQ
BYG.L,Big Yellow Group Plc,Real Estate,REIT - Industrial,2336585446.0,LSE
BYIT.L,Bytes Technology Group plc,Technology,Software - Infrastructure,1329122201.0,LSE
BYND,Beyond Meat Inc.,Consumer Staples,Packaged Foods,338064609.0,
BZU.MI,Buzzi S.p.A.,Basic Materials,Building Materials,8864795264.0,MIL
C,Citigroup Inc.,Financials,Diversified Banks,240128163840.0,NYQ
CA.PA,Carrefour SA,Consumer Defensive,Grocery Stores,13385277403.0,PAR
CAB,292838,,,,
CABK.MC,"CaixaBank, S.A.",Financial Services,Banks - Regional,99284587825.0,BME
CABO,Cable One Inc.,Telecommunications,Cable & Other Pay Television Services,205300550.0,
CACI,CACI International Inc. Class A,Industrials,Diversified Support Services,10746314752.0,NYQ
CAE.TO,CAE Inc.,Industrials,Aerospace & Defense,7907434496.0,TSX
CAG,ConAgra Brands Inc.,Consumer Staples,Packaged Foods & Meats,6616785920.0,NYQ
CAH,Cardinal Health Inc.,Health Care,Health Care Distributors,55225741312.0,NYQ
CAKE,The Cheesecake Factory Incorpor,Consumer Cyclical,Restaurants,4111960832.0,NMS
CAL,Caleres Inc.,Consumer Discretionary,Shoe Manufacturing,396694877.0,
CALM,Cal-Maine Foods Inc.,Consumer Staples,Packaged Foods & Meats,4185247488.0,NMS
CALX,Calix Inc,Information Technology,Application Software,2576167168.0,NYQ
CALY,Callaway Golf Company,Consumer Discretionary,Leisure Products,3307539200.0,NYQ
CAP.PA,Capgemini SE,Technology,Information Technology Services,17295292664.0,PAR
CAR,Avis Budget Group Inc.,Industrials,Passenger Ground Transportation,5517409280.0,NMS
CARG,CarGurus Inc. Class A,Communication Services,Interactive Media & Services,3082595072.0,NMS
CARR,Carrier Global Corporation,Industrials,Building Products,57592442880.0,NYQ
CARS,Cars.com Inc.,Technology,EDP Services,632346987.0,
CART,Maplebear Inc.,Consumer Cyclical,Internet Retail,11373091840.0,NMS
CASH,Pathward Financial Inc.,Financials,Regional Banks,1904758368.0,
CASY,"Caseys General Stores, Inc.",Consumer Cyclical,Specialty Retail,30337736704.0,NMS
CAT,Caterpillar Inc.,Industrials,Construction Machinery & Heavy Transportation Equipment,438672392192.0,NYQ
CATX,Perspective Therapeutics Inc.,Health Care,Medical/Dental Instruments,343279053.0,
CATY,Cathay General Bancorp,Financials,Regional Banks,4124692736.0,NMS
CAVA,CAVA Group Inc.,Consumer Discretionary,Restaurants,8407083008.0,NYQ
CB,Chubb Limited,Financials,Property & Casualty Insurance,134909370368.0,NYQ
CBG.L,Close Brothers Group plc,Financial Services,Banks - Regional,839642992.0,LSE
CBK.DE,Commerzbank AG,Financial Services,Banks - Regional,47712571702.0,XETR
CBOE,Cboe Global Markets Inc.,Financials,Financial Exchanges & Data,29975252313.0,
CBRE,CBRE Group Inc Common Stock Class A,Real Estate,Real Estate Services,40856694784.0,NYQ
CBRL,Cracker Barrel Old Country Store Inc,Consumer Discretionary,Restaurants,1126960613.0,
CBU,Community Financial System Inc.,Financials,Regional Banks,3509617920.0,NYQ
CC,Chemours Company (The),Materials,Diversified Chemicals,2678226944.0,NYQ
CCC.L,Computacenter plc,Technology,Information Technology Services,6409443253.0,LSE
CCEP,Coca-Cola Europacific Partners ,Consumer Defensive,Beverages - Non-Alcoholic,46863523840.0,NMS
CCEP.L,Coca-Cola Europacific Partners PLC,Consumer Defensive,Beverages - Non-Alcoholic,47146453734.0,LSE
CCH.L,Coca-Cola HBC AG,Consumer Defensive,Beverages - Non-Alcoholic,24408912359.0,LSE
CCI,Crown Castle Inc.,Real Estate,Telecom Tower REITs,34767765504.0,NYQ
CCJ,Cameco Corporation,Basic Materials,Other Metals and Minerals,41806811136.0,NYQ
CCK,Crown Holdings Inc.,Materials,Paper & Plastic Packaging Products & Materials,12456395776.0,NYQ
CCL,Carnival Corporation Ltd. Common Shares,Consumer Discretionary,"Hotels, Resorts & Cruise Lines",36747685888.0,NYQ
CCO.TO,Cameco Corporation,Energy,Uranium,37875263378.0,TSX
CCOI,Cogent Communications Holdings Inc.,Communication Services,Alternative Carriers,631479330.0,
CCR.L,C&C Group plc,Consumer Defensive,Beverages - Brewers,492802356.0,LSE
CCS,Century Communities Inc.,Consumer Discretionary,Homebuilding,1871155662.0,
CDE,Coeur Mining Inc.,Materials,Gold,16467941376.0,NYQ
CDNS,"Cadence Design Systems, Inc.",Technology,Software - Application,105960235008.0,NMS
CDW,CDW Corporation,Information Technology,Technology Distributors,18446319616.0,NMS
CE,Celanese Corporation,Materials,Specialty Chemicals,5145366016.0,NYQ
CEG,Constellation Energy Corporation,Utilities,Electric Utilities,89768304640.0,NMS
CELH,Celsius Holdings Inc.,Consumer Staples,Soft Drinks & Non-alcoholic Beverages,7822595072.0,NCM
CENT,Central Garden & Pet Company,Consumer Staples,Household Products,2683660800.0,NMS
CENTA,Central Garden & Pet Company Class A Common Stock Nonvoting,Consumer Staples,Household Products,2348281344.0,NMS
CENX,Century Aluminum Company,Materials,Aluminum,4421170688.0,NMS
CERT,Certara Inc.,Health Care,Health Care Technology,1053172396.0,
CF,CF Industries Holdings Inc.,Materials,Fertilizers & Agricultural Chemicals,17962334208.0,NYQ
CFFN,Capitol Federal Financial Inc.,Financials,Regional Banks,1077543530.0,
CFG,Citizens Financial Group Inc.,Financials,Regional Banks,29745514496.0,NYQ
CG,The Carlyle Group Inc.,Financials,Asset Management & Custody Banks,16094456832.0,NMS
CGC,Canopy Growth Corporation Common Shares,Health Care,Medicinal Chemicals and Botanical Products,417247834.0,
CGNX,Cognex Corporation,Information Technology,Electronic Equipment & Instruments,11116820480.0,NMS
CGT.L,Capital Gearing Ord,,,1102090570.0,LSE
CHCO,City Holding Company,Financials,Regional Banks,1873398398.0,
CHD,Church & Dwight Company Inc.,Consumer Staples,Household Products,22831886336.0,NYQ
CHDN,Churchill Downs Incorporated,Consumer Discretionary,Casinos & Gaming,5960479744.0,NMS
CHE,Chemed Corp,Health Care,Health Care Services,6485594624.0,NYQ
CHEF,The Chefs' Warehouse Inc.,Consumer Staples,Food Distributors,3906088960.0,NMS
CHG.L,Chemring Group PLC,Industrials,Aerospace & Defense,1967913043.0,LSE
CHH,Choice Hotels International Inc.,Consumer Discretionary,"Hotels, Resorts & Cruise Lines",4991765504.0,NYQ
CHRD,Chord Energy Corporation,Energy,Oil & Gas Exploration & Production,6608961024.0,NMS
CHRW,"C.H. Robinson Worldwide, Inc.",Industrials,Integrated Freight & Logistics,22808432640.0,NMS
CHRY.L,Chrysalis Investments Limited,Financial Services,Asset Management,516347053.0,LSE
CHTR,Charter Communications Inc. Class A Common Stock New,Communication Services,Cable & Satellite,20482562048.0,NMS
CHWY,Chewy Inc. Class A,Consumer Discretionary,Other Specialty Retail,8548776960.0,NYQ
CI,The Cigna Group,Health Care,Health Care Services,77629677568.0,NYQ
CIEN,Ciena Corporation,Information Technology,Communications Equipment,65216266240.0,NYQ
CIGL,Concorde International Group Ltd,Industrials,Security & Protection Services,451701088.0,
CINF,Cincinnati Financial Corporation,Financials,Property & Casualty Insurance,27732238336.0,NMS
CKN.L,Clarkson PLC,Industrials,Marine Shipping,1964738388.0,LSE
CL,Colgate-Palmolive Company,Consumer Staples,Household Products,73809461248.0,NYQ
CLB,Core Laboratories Inc.,Energy,Oilfield Services/Equipment,511673170.0,
CLDN.L,Caledonia Investments Ord,,,2629459058.0,LSE
CLF,Cleveland-Cliffs Inc.,Materials,Steel,5361897472.0,NYQ
CLNE,Clean Energy Fuels Corp.,Utilities,Natural Gas Distribution,482291948.0,
CLNX.MC,"Cellnex Telecom, S.A.",Real Estate,Real Estate Services,18820783245.0,BME
CLS.TO,Celestica Inc.,Technology,Electronic Components,35063573436.0,TSX
CLSK,CleanSpark Inc.,Information Technology,Internet Services & Infrastructure,3297420800.0,NCM
CLX,Clorox Company (The),Consumer Staples,Household Products,11676165120.0,NYQ
CM.TO,Canadian Imperial Bank of Commerce,Financial Services,Banks - Diversified,109926135046.0,TSX
CMCL,Caledonia Mining Corporation Plc Common Shares,Basic Materials,Precious Metals,342999377.0,
CMCO,Columbus McKinnon Corporation,Industrials,Construction/Ag Equipment/Trucks,381740963.0,
CMCSA,Comcast Corporation Class A,Communication Services,Cable & Satellite,84197425152.0,NMS
CMCX.L,CMC Markets Plc,Financial Services,Capital Markets,2651994574.0,LSE
CME,CME Group Inc. Class A,Financials,Financial Exchanges & Data,86815023104.0,NMS
CMG,Chipotle Mexican Grill Inc.,Consumer Discretionary,Restaurants,45216370688.0,NYQ
CMI,Cummins Inc.,Industrials,Construction Machinery & Heavy Transportation Equipment,93273718784.0,NYQ
CMS,CMS Energy Corporation,Utilities,Multi-Utilities,23292538880.0,NYQ
CNA.L,Centrica plc,Utilities,Utilities - Independent Power Producers,10495965887.0,LSE
CNC,Centene Corporation,Healthcare,Healthcare Plans,33257226240.0,NYQ
CNH,CNH Industrial N.V. Common Shares,Industrials,Agricultural & Farm Machinery,12957483008.0,NYQ
CNK,Cinemark Holdings Inc Cinemark Holdings Inc.,Communication Services,Movies & Entertainment,3391516672.0,NYQ
CNM,Core & Main Inc. Class A,Industrials,Trading Companies & Distributors,8875746304.0,NYQ
CNMD,CONMED Corporation,Health Care,Health Care Equipment,1158601785.0,
CNO,CNO Financial Group Inc.,Financials,Life & Health Insurance,4850387968.0,NYQ
CNP,CenterPoint Energy Inc (Holding Co),Utilities,Multi-Utilities,28482539520.0,NYQ
CNQ.TO,Canadian Natural Resources Limited,Energy,Oil & Gas E&P,89346425929.0,TSX
CNR,Core Natural Resources Inc.,Energy,Coal & Consumable Fuels,4126871040.0,NYQ
CNR.TO,Canadian National Railway Company,Industrials,Railroads,77480642763.0,TSX
CNS,Cohen & Steers Inc,Financials,Asset Management & Custody Banks,3978794240.0,NYQ
CNX,CNX Resources Corporation,Energy,Oil & Gas Exploration & Production,4525868544.0,NYQ
CNXC,Concentrix Corporation,Industrials,Data Processing & Outsourced Services,1354607370.0,
CNXN,PC Connection Inc.,Information Technology,Technology Distributors,1948712131.0,
COA.L,Coats Group plc,Consumer Cyclical,Textile Manufacturing,1962324078.0,LSE
COCO,"The Vita Coco Company, Inc.",Consumer Staples,Soft Drinks & Non-alcoholic Beverages,4077842944.0,NMS
COF,Capital One Financial Corporation,Financials,Consumer Finance,124140240896.0,NYQ
COFS,ChoiceOne Financial Services Inc.,Finance,Major Banks,493876654.0,
COHR,Coherent Corp.,Information Technology,Electronic Components,63484960768.0,NYQ
COHU,Cohu Inc.,Information Technology,Semiconductor Materials & Equipment,2649839104.0,NMS
COIN,Coinbase Global Inc. Class A,Financials,Financial Exchanges & Data,41908707328.0,NMS
COKE,Coca-Cola Consolidated Inc.,Consumer Staples,Soft Drinks & Non-alcoholic Beverages,11934978048.0,NMS
COL.MC,"Colonial SFL, Socimi S. A.",Real Estate,REIT - Office,3838471753.0,BME
COLB,Columbia Banking System Inc.,Financials,Regional Banks,9278166016.0,NMS
COLL,Collegium Pharmaceutical Inc.,Health Care,Pharmaceuticals,1142642034.0,
COLM,Columbia Sportswear Company,Consumer Discretionary,"Apparel, Accessories & Luxury Goods",3220335616.0,NMS
CON,Concentra Group Holdings Parent Inc.,Health Care,Health Care Services,4037193984.0,NYQ
CON.DE,Continental Aktiengesellschaft,Consumer Cyclical,Auto Parts,16590886085.0,XETR
COO,The Cooper Companies Inc.,Health Care,Health Care Supplies,13788664832.0,NMS
COP,ConocoPhillips,Energy,Oil & Gas Exploration & Production,132842782720.0,NYQ
COR,Cencora Inc.,Health Care,Health Care Distributors,59037605888.0,NYQ
CORD.L,Cordiant Digital Infrastructure Limited,Financial Services,Asset Management,1273790220.0,LSE
CORT,Corcept Therapeutics Incorporat,Healthcare,Biotechnology,9863463936.0,NCM
COST,Costco Wholesale Corporation,Consumer Staples,Consumer Staples Merchandise Retail,406337454080.0,NMS
COST.L,Costain Group PLC,Industrials,Engineering & Construction,759420322.0,LSE
COTY,Coty Inc. Class A,Consumer Staples,Personal Care Products,1972244821.0,
CP.TO,Canadian Pacific Kansas City Limited,Industrials,Railroads,82418942253.0,TSX
CPAY,Corpay Inc.,Financials,Transaction & Payment Processing Services,23114590208.0,NYQ
CPB,The Campbell's Company,Consumer Staples,Packaged Foods & Meats,6581411840.0,NMS
CPF,Central Pacific Financial Corp New,Financials,Regional Banks,999416058.0,
CPG.L,Compass Group PLC,Consumer Cyclical,Restaurants,53134786560.0,LSE
CPK,Chesapeake Utilities Corporation,Utilities,Gas Utilities,3093493248.0,NYQ
CPR.MI,Davide Campari-Milano N.V.,Consumer Defensive,Beverages - Wineries & Distilleries,7755074474.0,MIL
CPRI,Capri Holdings Limited,Consumer Discretionary,"Apparel, Accessories & Luxury Goods",2070921856.0,NYQ
CPRT,Copart Inc. (DE),Industrials,Diversified Support Services,26505431040.0,NMS
CPRX,Catalyst Pharmaceuticals Inc.,Health Care,Biotechnology,3852477184.0,NCM
CPT,Camden Property Trust,Real Estate,Multi-Family Residential REITs,11193273344.0,NYQ
CR,Crane Company,Industrials,Industrial Machinery & Supplies & Components,12650348544.0,NYQ
CRAN,Crane Harbor Acquisition Corp. II Class A,Finance,Blank Checks,0.0,
CRBG,Corebridge Financial Inc.,Financial Services,Asset Management,13762363392.0,NYQ
CRC,California Resources Corporation,Energy,Oil & Gas Exploration & Production,4659068928.0,NYQ
CRDA.L,Croda International Plc,Basic Materials,Specialty Chemicals,5497956384.0,LSE
CRGY,Crescent Energy Company Class A,Energy,Oil & Gas Exploration & Production,3127482880.0,NYQ
CRH,CRH PLC,Materials,Construction Materials,69967241216.0,NYQ
CRI,Carter's Inc.,Consumer Discretionary,"Apparel, Accessories & Luxury Goods",1481006202.0,
CRK,Comstock Resources Inc.,Energy,Oil & Gas Exploration & Production,3794550272.0,NYQ
CRL,Charles River Laboratories International Inc.,Health Care,Life Sciences Tools & Services,11242829824.0,NYQ
CRM,Salesforce Inc.,Information Technology,Application Software,133759082496.0,NYQ
CRNC,Cerence Inc.,Technology,Computer Software: Prepackaged Software,473116360.0,
CROX,"Crocs, Inc.",Consumer Cyclical,Footwear & Accessories,6597791232.0,NMS
CRS,Carpenter Technology Corporation,Industrials,Industrial Machinery & Supplies & Components,28748591104.0,NYQ
CRSR,Corsair Gaming Inc.,Information Technology,"Technology Hardware, Storage & Peripherals",1032482158.0,
CRUS,Cirrus Logic Inc.,Information Technology,Semiconductors,7586071040.0,NMS
CRVL,CorVel Corp.,Health Care,Health Care Services,3177354496.0,NMS
CRWD,CrowdStrike Holdings Inc. Class A,Information Technology,Systems Software,190597758976.0,NMS
CS.PA,AXA SA,Financial Services,Insurance - Diversified,103581460693.0,PAR
CSCO,"Cisco Systems, Inc.",Technology,Communication Equipment,478135418880.0,NMS
CSGP,CoStar Group Inc.,Real Estate,Real Estate Services,11593218048.0,NMS
CSN.L,Chesnara plc,Financial Services,Insurance - Life,1025479365.0,LSE
CSR,D/B/A Centerspace,Real Estate,Multi-Family Residential REITs,933750990.0,
CSU.TO,Constellation Software Inc.,Technology,Software - Application,43052930555.0,TSX
CSW,"CSW Industrials, Inc.",Industrials,Specialty Industrial Machinery,4584795648.0,NYQ
CSX,CSX Corporation,Industrials,Railroads,91810643968.0,NMS
CTAS,Cintas Corporation,Industrials,Diversified Support Services,71880589312.0,NMS
CTEC.L,Convatec Group PLC,Healthcare,Medical Instruments & Supplies,5618003277.0,LSE
CTKB,Cytek Biosciences Inc.,Industrials,Biotechnology: Laboratory Analytical Instruments,596638752.0,
CTRE,CareTrust REIT Inc.,Real Estate,Health Care REITs,9501582336.0,NYQ
CTS,CTS Corporation,Information Technology,Electronic Manufacturing Services,1719577607.0,
CTSH,Cognizant Technology Solutions Corporation Class A,Information Technology,IT Consulting & Other Services,20135610368.0,NMS
CTVA,"Corteva, Inc.",Basic Materials,Agricultural Inputs,57304494080.0,NYQ
CTY.L,City of London Ord,,,4040619877.0,LSE
CUBE,CubeSmart Common Shares,Real Estate,Industrial REITs,9147578368.0,NYQ
CUBI,Customers Bancorp Inc,Financials,Regional Banks,2591678208.0,NYQ
CURB,Curbline Properties Corp.,Real Estate,Retail REITs,3467884800.0,NYQ
CURV,Torrid Holdings Inc.,Consumer Discretionary,Clothing/Shoe/Accessory Stores,197050354.0,
CURY.L,Currys plc,Consumer Cyclical,Specialty Retail,2255886310.0,LSE
CUZ,Cousins Properties Incorporated,Real Estate,Office REITs,4979746816.0,NYQ
CVBF,CVB Financial Corporation,Financials,Regional Banks,3964948224.0,NMS
CVCO,Cavco Industries Inc. Common Stock When Issued,Consumer Discretionary,Homebuilding,4372174336.0,NMS
CVE.TO,Cenovus Energy Inc.,Energy,Oil & Gas Integrated,51103747496.0,TSX
CVEO,Civeo Corporation (Canada) Common Shares,Consumer Discretionary,Hotels/Resorts,346683617.0,
CVI,CVR Energy Inc.,Energy,Oil & Gas Refining & Marketing,3113432576.0,NYQ
CVNA,Carvana Co. Class A,Consumer Discretionary,Automotive Retail,72204697600.0,NYQ
CVS,CVS Health Corporation,Healthcare,Healthcare Plans,132887830528.0,NYQ
CVSA,Covista Inc.,Consumer Defensive,Education & Training Services,4454643200.0,NYQ
CVSG.L,CVS Group plc,Healthcare,Medical Care Facilities,1191345481.0,LSE
CVX,Chevron Corporation,Energy,Integrated Oil & Gas,351317819392.0,NYQ
CW,Curtiss-Wright Corporation,Industrials,Aerospace & Defense,27881713664.0,NYQ
CWCO,Consolidated Water Co. Ltd.,Utilities,Water Supply,462245489.0,
CWEN,Clearway Energy Inc. Class C,Utilities,Renewable Electricity,8084057600.0,NYQ
CWEN-A,,Utilities,Renewable Electricity,,
CWH,Camping World Holdings Inc. Class A,Consumer Discretionary,Retail-Auto Dealers and Gas Stations,640577579.0,
CWK,Cushman & Wakefield Ltd. Common Shares,Real Estate,Real Estate Services,3160713728.0,NYQ
CWK.L,Cranswick plc,Consumer Defensive,Packaged Foods,3964100569.0,LSE
CWR.L,Ceres Power Holdings plc,Industrials,Electrical Equipment & Parts,1096058156.0,LSE
CWST,Casella Waste Systems Inc. Class A,Industrials,Environmental & Facilities Services,6158714368.0,NMS
CWT,California Water Service Group,Utilities,Water Utilities,2975305728.0,NYQ
CXM,Sprinklr Inc. Class A,Information Technology,Application Software,1283573616.0,
CXW,CoreCivic Inc.,Industrials,Diversified Support Services,3153553152.0,NYQ
CYTK,"Cytokinetics, Incorporated",Healthcare,Biotechnology,11522850816.0,NMS
CZR,Caesars Entertainment Inc.,Consumer Discretionary,Casinos & Gaming,6078216192.0,NMS
D,"Dominion Energy, Inc.",Utilities,Utilities - Regulated Electric,61636239360.0,NYQ
DAL,Delta Air Lines Inc.,Industrials,Passenger Airlines,57414737920.0,NYQ
DAN,Dana Incorporated,Consumer Discretionary,Automotive Parts & Equipment,2940016640.0,NYQ
DAR,Darling Ingredients Inc.,Consumer Staples,Agricultural Products & Services,9667551232.0,NYQ
DASH,DoorDash Inc. Class A,Consumer Discretionary,Specialized Consumer Services,83579568128.0,NMS
DATA.L,GlobalData Plc,Industrials,Consulting Services,700969073.0,LSE
DAVE,Dave Inc.,Technology,Software - Application,5095234560.0,NGM
DB1.DE,Deutsche Börse AG,Financial Services,Financial Data & Stock Exchanges,54360914200.0,XETR
DBD,Diebold Nixdorf Incorporated,Technology,Software - Application,2952416768.0,NYQ
DBK.DE,Deutsche Bank Aktiengesellschaft,Financial Services,Banks - Regional,69346711862.0,XETR
DBX,Dropbox Inc. Class A,Information Technology,Application Software,6810046464.0,NMS
DCBO,Docebo Inc. Common Shares,Technology,Computer Software: Prepackaged Software,483330247.0,
DCC.L,DCC plc,Energy,Oil & Gas Refining & Marketing,7231825297.0,LSE
DCH,Dauch Corporation,Consumer Discretionary,Automotive Parts & Equipment,1217691335.0,
DCOM,Dime Commercial Bancshares Inc.,Financials,Regional Banks,1746696033.0,
DD,DuPont de Nemours Inc.,Materials,Specialty Chemicals,18184413184.0,NYQ
DDD,3D Systems Corporation,Technology,Computer Software: Prepackaged Software,451127453.0,
DDOG,"Datadog, Inc.",Technology,Software - Application,91673993216.0,NMS
DDS,Dillard's Inc.,Consumer Discretionary,Department/Specialty Retail Stores,8179899392.0,NYQ
DE,Deere & Company,Industrials,Agricultural & Farm Machinery,158515167232.0,NYQ
DEA,Easterly Government Properties Inc.,Real Estate,Office REITs,1155195931.0,
DECK,Deckers Outdoor Corporation,Consumer Discretionary,Footwear,14719992832.0,NYQ
DEI,"Douglas Emmett, Inc.",Real Estate,REIT - Office,2414977792.0,NYQ
DELL,Dell Technologies Inc.,Technology,Computer Hardware,281052545024.0,NYQ
DFH,Dream Finders Homes Inc. Class A,Consumer Discretionary,Homebuilding,1449005889.0,
DFIN,Donnelley Financial Solutions Inc.,Financials,Financial Exchanges & Data,1115712868.0,
DG,Dollar General Corporation,Consumer Staples,Consumer Staples Merchandise Retail,26232162304.0,NYQ
DG.PA,Vinci SA,Industrials,Engineering & Construction,76288836925.0,PAR
DGE.L,Diageo plc,Consumer Defensive,Beverages - Wineries & Distilleries,47323055108.0,LSE
DGII,Digi International Inc.,Information Technology,Communications Equipment,2552061952.0,NMS
DGX,Quest Diagnostics Incorporated,Health Care,Health Care Services,22962868224.0,NYQ
DHI,D.R. Horton Inc.,Consumer Discretionary,Homebuilding,42984996864.0,NYQ
DHL.DE,Deutsche Post AG,Industrials,Integrated Freight & Logistics,72968517978.0,XETR
DHR,Danaher Corporation,Health Care,Life Sciences Tools & Services,140881739776.0,NYQ
DIA.MI,DiaSorin S.p.A.,Healthcare,Diagnostics & Research,3950228352.0,MIL
DIOD,Diodes Incorporated,Information Technology,Semiconductors,4428153344.0,NMS
DIS,Walt Disney Company (The),Communication Services,Movies & Entertainment,166045237248.0,NYQ
DLB,Dolby Laboratories,Information Technology,Application Software,4710985728.0,NYQ
DLN.L,Derwent London Plc,Real Estate,REIT - Office,3064076113.0,LSE
DLR,Digital Realty Trust Inc.,Real Estate,Data Center REITs,67882688512.0,NYQ
DLTR,Dollar Tree Inc.,Consumer Staples,Consumer Staples Merchandise Retail,24004528128.0,NMS
DLX,Deluxe Corporation,Industrials,Commercial Printing,1122167335.0,
DNLM.L,Dunelm Group plc,Consumer Cyclical,Specialty Retail,2336510963.0,LSE
DNOW,DNOW Inc.,Industrials,Trading Companies & Distributors,2382225152.0,NYQ
DOC,Healthpeak Properties Inc.,Real Estate,Health Care REITs,14925936640.0,NYQ
DOCN,DigitalOcean Holdings Inc.,Information Technology,Internet Services & Infrastructure,13618483200.0,NYQ
DOCS,Doximity Inc. Class A,Health Care,Health Care Technology,3981124608.0,NYQ
DOCS.L,Dr. Martens plc,Consumer Cyclical,Footwear & Accessories,990116694.0,LSE
DOCU,DocuSign Inc.,Information Technology,Application Software,9390655488.0,NMS
DOL.TO,Dollarama Inc.,Consumer Defensive,Discount Stores,36586828444.0,TSX
DOM.L,Domino's Pizza Group plc,Consumer Cyclical,Restaurants,980618763.0,LSE
DON,WisdomTree U.S. MidCap Dividend Fund,,,3963449088.0,
DORM,Dorman Products Inc.,Consumer Discretionary,Automotive Parts & Equipment,4138766080.0,NMS
DOV,Dover Corporation,Industrials,Industrial Machinery & Supplies & Components,28996640768.0,NYQ
DOW,Dow Inc.,Materials,Commodity Chemicals,20923123712.0,NYQ
DPLM.L,Diploma PLC,Industrials,Industrial Distribution,12995856155.0,LSE
DPZ,Domino's Pizza Inc,Consumer Discretionary,Restaurants,9960599552.0,NMS
DRH,Diamondrock Hospitality Company,Real Estate,Hotel & Resort REITs,2438655232.0,NMS
DRI,Darden Restaurants Inc.,Consumer Discretionary,Restaurants,23393773568.0,NYQ
DRX.L,Drax Group plc,Utilities,Utilities - Renewable,3472879549.0,LSE
DSCV.L,discoverIE Group plc,Technology,Electronic Components,889535576.0,LSE
DSY.PA,Dassault Systèmes SE,Technology,Software - Application,27460149705.0,PAR
DT,Dynatrace Inc.,Information Technology,Application Software,12731660288.0,NYQ
DTE,DTE Energy Company,Utilities,Multi-Utilities,31260416000.0,NYQ
DTE.DE,Deutsche Telekom AG,Communication Services,Telecom Services,147687012183.0,XETR
DTG.DE,Daimler Truck Holding AG,Industrials,Farm & Heavy Construction Machinery,37447264241.0,XETR
DTM,DT Midstream Inc.,Energy,Oil & Gas Storage & Transportation,14809390080.0,NYQ
DUK,Duke Energy Corporation (Holding Company),Utilities,Electric Utilities,97823735808.0,NYQ
DUOL,Duolingo Inc. Class A,Consumer Discretionary,Education Services,5812957184.0,NMS
DV,DoubleVerify Holdings Inc.,Communication Services,Advertising,1790927086.0,
DVA,DaVita Inc.,Healthcare,Medical Care Facilities,14942268416.0,NYQ
DVN,Devon Energy Corporation,Energy,Oil & Gas Exploration & Production,48708214784.0,NYQ
DXC,DXC Technology Company,Information Technology,IT Consulting & Other Services,1542326827.0,
DXCM,DexCom Inc.,Health Care,Health Care Equipment,28925038592.0,NMS
DXPE,"DXP Enterprises, Inc.",Industrials,Industrial Distribution,2521163776.0,NMS
DXYZ,Destiny Tech100 Inc.,,,0.0,
DY,Dycom Industries Inc.,Industrials,Construction & Engineering,12779517952.0,NYQ
EA,Electronic Arts Inc.,Communication Services,Electronic Gaming & Multimedia,51757617152.0,NMS
EAT,Brinker International Inc.,Consumer Discretionary,Restaurants,7945392128.0,NYQ
EBAY,eBay Inc.,Consumer Cyclical,Internet Retail,52036800512.0,NMS
EBS,Emergent BioSolutions Inc.,Health Care,Biotechnology: Pharmaceutical Preparations,415350183.0,
ECG,Everus Construction Group Inc.,Industrials,Construction & Engineering,6976366592.0,NYQ
ECL,Ecolab Inc.,Materials,Specialty Chemicals,77201121280.0,NYQ
ECPG,Encore Capital Group Inc,Financials,Consumer Finance,1984953343.0,
ED,Consolidated Edison Inc.,Utilities,Multi-Utilities,40951021568.0,NYQ
EDEN.PA,Edenred SE,Financial Services,Credit Services,6946002555.0,PAR
EDIN.L,Edinburgh Investment Ord,,,1406418061.0,LSE
EDV.L,Endeavour Mining plc,Basic Materials,Gold,11110632075.0,LSE
EEFT,Euronet Worldwide Inc.,Financials,Transaction & Payment Processing Services,2942824192.0,NMS
EFC,Ellington Financial Inc.,Financials,Specialized Finance,1702845414.0,
EFOR,Everforth Inc.,Information Technology,IT Consulting & Other Services,721853929.0,
EFX,Equifax Inc.,Industrials,Research & Consulting Services,20078424064.0,NYQ
EG,Everest Group Ltd.,Financials,Reinsurance,14664442880.0,NYQ
EGBN,Eagle Bancorp Inc.,Financials,Regional Banks,818197377.0,
EGP,"EastGroup Properties, Inc.",Real Estate,REIT - Industrial,11268170752.0,NYQ
EHC,Encompass Health Corporation,Health Care,Health Care Facilities,10927770624.0,NYQ
EIG,Employers Holdings Inc,Financials,Property & Casualty Insurance,924733665.0,
EIX,Edison International,Utilities,Electric Utilities,28936503296.0,NYQ
EL,Estee Lauder Companies Inc. (The),Consumer Staples,Personal Care Products,29905969152.0,NYQ
EL.PA,EssilorLuxottica Société anonyme,Healthcare,Medical Instruments & Supplies,89131325183.0,PAR
ELAN,Elanco Animal Health Incorporated,Health Care,Pharmaceuticals,12396338176.0,NYQ
ELE.MC,"Endesa, S.A.",Utilities,Utilities - Regulated Electric,46285373408.0,BME
ELF,e.l.f. Beauty Inc.,Consumer Staples,Personal Care Products,4523417600.0,NYQ
ELM.L,Elementis plc,Basic Materials,Specialty Chemicals,1246249790.0,LSE
ELMT,The Elmet Group Co.,Industrials,Metal Fabrications,474881030.0,
ELS,Equity Lifestyle Properties Inc.,Real Estate,Single-Family Residential REITs,12718363648.0,NYQ
ELV,"Elevance Health, Inc.",Healthcare,Healthcare Plans,90389504000.0,NYQ
EMA.TO,Emera Incorporated,Utilities,Utilities - Regulated Electric,16665702587.0,TSX
EMBC,Embecta Corp.,Health Care,Medical/Dental Instruments,192221673.0,
EME,EMCOR Group Inc.,Industrials,Construction & Engineering,34814672896.0,NYQ
EMG.L,Man Group Plc,Financial Services,Asset Management,4623652618.0,LSE
EMN,Eastman Chemical Company,Materials,Specialty Chemicals,7726626816.0,NYQ
EMR,Emerson Electric Company,Industrials,Electrical Components & Equipment,77786685440.0,NYQ
EN.PA,Bouygues SA,Industrials,Engineering & Construction,21064261879.0,PAR
ENB.TO,Enbridge Inc.,Energy,Oil & Gas Midstream,123057110764.0,TSX
ENEL.MI,Enel SpA,Utilities,Utilities - Diversified,113583902424.0,MIL
ENG.MC,"Enagás, S.A.",Utilities,Utilities - Regulated Gas,4938401275.0,BME
ENGI.PA,Engie SA,Utilities,Utilities - Diversified,77477886084.0,PAR
ENI.MI,Eni S.p.A.,Energy,Oil & Gas Integrated,70205451884.0,MIL
ENOG.L,Energean plc,Energy,Oil & Gas E&P,1841188047.0,LSE
ENOV,Enovis Corporation,Health Care,Health Care Equipment,1482237027.0,
ENPH,Enphase Energy Inc.,Information Technology,Semiconductor Materials & Equipment,5908514816.0,NGM
ENR,Energizer Holdings Inc.,Consumer Staples,Household Products,1401652238.0,
ENR.DE,Siemens Energy AG,Industrials,Specialty Industrial Machinery,144800025682.0,XETR
ENS,EnerSys,Industrials,Electrical Components & Equipment,7498296320.0,NYQ
ENSG,The Ensign Group Inc.,Health Care,Health Care Facilities,9853309952.0,NMS
ENT.L,Entain Plc,Consumer Cyclical,Gambling,4899297092.0,LSE
ENTG,Entegris Inc.,Information Technology,Semiconductor Materials & Equipment,22136805376.0,NMS
ENVA,"Enova International, Inc.",Financial Services,Credit Services,5924844544.0,NYQ
EOAN.DE,E.ON SE,Utilities,Utilities - Diversified,56492118377.0,XETR
EOG,"EOG Resources, Inc.",Energy,Oil & Gas E&P,71425490944.0,NYQ
EPAC,Enerpac Tool Group Corp.,Industrials,Industrial Machinery & Supplies & Components,1810711527.0,
EPAM,EPAM Systems Inc.,Information Technology,IT Consulting & Other Services,4382787072.0,NYQ
EPC,Edgewell Personal Care Company,Consumer Staples,Household Products,1220233512.0,
EPR,EPR Properties,Real Estate,REIT - Specialty,4561387008.0,NYQ
EPRT,Essential Properties Realty Trust Inc.,Real Estate,Diversified REITs,6760408064.0,NYQ
EPRX,Eupraxia Pharmaceuticals Inc.,Health Care,Pharmaceuticals and Biotechnology,436384006.0,
EQH,"Equitable Holdings, Inc.",Financial Services,Asset Management,12829032448.0,NYQ
EQIX,Equinix Inc. Common Stock REIT,Real Estate,Data Center REITs,103674789888.0,NMS
EQR,Equity Residential,Real Estate,REIT - Residential,26540169216.0,NYQ
EQT,EQT Corporation,Energy,Oil & Gas Exploration & Production,30554599424.0,NYQ
ERF.PA,Eurofins Scientific SE,Healthcare,Diagnostics & Research,13755936126.0,PAR
ERIE,Erie Indemnity Company Class A,Financials,Insurance Brokers,13167111168.0,NMS
ERII,Energy Recovery Inc.,Technology,Industrial Machinery/Components,449990111.0,
ERX,Direxion Daily Energy Bull 2X Shares,,,210724992.0,
ES,Eversource Energy (D/B/A),Utilities,Electric Utilities,28138307584.0,NYQ
ESAB,ESAB Corporation,Industrials,Industrial Machinery & Supplies & Components,5540043264.0,NYQ
ESCT.L,The European Smaller Companies Trust PLC,,,1068385312.0,LSE
ESE,ESCO Technologies Inc.,Industrials,Industrial Machinery & Supplies & Components,8526568448.0,NYQ
ESEA,Euroseas Ltd. Common Stock (Marshall Islands),Consumer Discretionary,Marine Transportation,495393405.0,
ESI,Element Solutions Inc.,Materials,Specialty Chemicals,9703578624.0,NYQ
ESNT,Essent Group Ltd. Common Shares,Financials,Commercial & Residential Mortgage Finance,5930958336.0,NYQ
ESS,"Essex Property Trust, Inc.",Real Estate,REIT - Residential,20233283584.0,NYQ
ETB,Eaton Vance Tax-Managed Buy-Write Income Fund Eaton Vance Tax-Managed Buy-Write Income Fund Common Shares of Beneficial Interest,Finance,Investment Bankers/Brokers/Service,457900095.0,
ETD,Ethan Allen Interiors Inc.,Consumer Discretionary,Home Furnishings,552948946.0,
ETN,Eaton Corporation PLC,Industrials,Electrical Components & Equipment,158146822144.0,NYQ
ETO,Eaton Vance Tax-Advantage Global Dividend Opp,Finance,Investment Managers,504099125.0,
ETR,Entergy Corporation,Utilities,Utilities - Regulated Electric,53681766400.0,NYQ
ETSY,"Etsy, Inc.",Consumer Cyclical,Internet Retail,7691339776.0,NYQ
EVH,Evolent Health Inc Class A,Consumer Discretionary,Other Consumer Services,661388674.0,
EVR,Evercore Inc. Class A,Financials,Investment Banking & Brokerage,12948961280.0,NYQ
EVRG,Evergy Inc.,Utilities,Electric Utilities,19757271040.0,NMS
EVTC,Evertec Inc.,Financials,Transaction & Payment Processing Services,1802395062.0,
EW,Edwards Lifesciences Corporatio,Healthcare,Medical Devices,53094518784.0,NYQ
EWG.L,W.A.G payment solutions plc,Technology,Software - Infrastructure,1012129538.0,LSE
EWI.L,Edinburgh Worldwide Ord,,,1215999446.0,LSE
EXC,Exelon Corporation,Utilities,Utilities - Regulated Electric,47886139392.0,NMS
EXE,Expand Energy Corporation,Energy,Oil & Gas Exploration & Production,20872716288.0,NMS
EXEL,"Exelixis, Inc.",Healthcare,Biotechnology,14201562112.0,NMS
EXLS,ExlService Holdings Inc.,Industrials,Data Processing & Outsourced Services,4170973696.0,NMS
EXP,Eagle Materials Inc,Materials,Construction Materials,6480327168.0,NYQ
EXPD,Expeditors International of Was,Industrials,Integrated Freight & Logistics,22498691072.0,NYQ
EXPE,"Expedia Group, Inc.",Consumer Cyclical,Travel Services,32505577472.0,NMS
EXPN.L,Experian plc,Industrials,Consulting Services,31969819714.0,LSE
EXPO,"Exponent, Inc.",Industrials,Research & Consulting Services,3012571904.0,NMS
EXR,Extra Space Storage Inc,Real Estate,Self-Storage REITs,31771099136.0,NYQ
EXTR,"Extreme Networks, Inc.",Technology,Communication Equipment,4408529408.0,NMS
EYE,National Vision Holdings Inc.,Consumer Discretionary,Specialty Stores,1566280801.0,
EZJ.L,easyJet plc,Industrials,Airlines,6814732206.0,LSE
EZPW,"EZCORP, Inc.",Financial Services,Credit Services,2096530688.0,NMS
F,Ford Motor Company,Consumer Cyclical,Auto Manufacturers,55785697280.0,NYQ
FAN.L,Volution Group plc,Industrials,Building Products & Equipment,1648544432.0,LSE
FANG,Diamondback Energy Inc.,Energy,Oil & Gas Exploration & Production,51590049792.0,NMS
FAST,Fastenal Company,Industrials,Trading Companies & Distributors,53372153856.0,NMS
FBIN,Fortune Brands Innovations Inc.,Industrials,Building Products,6156733440.0,NYQ
FBIZ,First Business Financial Services Inc.,Finance,Major Banks,532669974.0,
FBK,FB Financial Corporation,Financials,Regional Banks,2920349952.0,NYQ
FBK.MI,FinecoBank Banca Fineco S.p.A.,Financial Services,Banks - Regional,16338513426.0,MIL
FBNC,First Bancorp,Financials,Regional Banks,2636441344.0,NMS
FBP,First BanCorp. New,Financial Services,Banks - Regional,4126978560.0,NYQ
FBRT,Franklin BSP Realty Trust Inc.,Real Estate,Mortgage REITs,621861113.0,
FBRX,Forte Biosciences Inc.,Health Care,Biotechnology: Pharmaceutical Preparations,899429643.0,
FCF,First Commonwealth Financial Corporation,Financials,Regional Banks,2063177728.0,NYQ
FCFS,FirstCash Holdings Inc.,Financials,Consumer Finance,9583138816.0,NMS
FCH.L,Funding Circle Holdings plc,Financial Services,Credit Services,714314202.0,LSE
FCIT.L,F&C Investment Trust Ord,,,8555867325.0,LSE
FCN,FTI Consulting Inc.,Industrials,Research & Consulting Services,4728394752.0,NYQ
FCPT,"Four Corners Property Trust, In",Real Estate,REIT - Retail,2739340032.0,NYQ
FCSS.L,Fidelity China Special Situations Ord,,,1595573227.0,LSE
FCT.MI,Fincantieri S.p.A.,Industrials,Aerospace & Defense,5140579186.0,MIL
FCX,Freeport-McMoRan Inc.,Materials,Copper,88438677504.0,NYQ
FDMT,4D Molecular Therapeutics Inc.,Health Care,Biotechnology: Biological Products (No Diagnostic Substances),643520687.0,
FDP,Del Monte Corporation,,,1390188416.0,
FDR.MC,"Fluidra, S.A.",Consumer Cyclical,Leisure,3952121697.0,BME
FDS,FactSet Research Systems Inc.,Financials,Financial Exchanges & Data,8788601856.0,NYQ
FDX,FedEx Corporation,Industrials,Air Freight & Logistics,75087159296.0,NYQ
FDXF,FedEx Freight Holding Company Inc.,Industrials,Cargo Ground Transportation,22265937920.0,NYQ
FE,FirstEnergy Corp.,Utilities,Utilities - Regulated Electric,27718420480.0,NYQ
FELE,Franklin Electric Co. Inc.,Industrials,Industrial Machinery & Supplies & Components,4578604544.0,NMS
FEML.L,Fidelity Emerging Markets Limited,Financial Services,Asset Management,749066874.0,LSE
FER,Ferrovial N.V.,Industrials,Military/Government/Technical,46001098752.0,NMS
FER.MC,Ferrovial N.V.,Industrials,Engineering & Construction,45705742522.0,BME
FEV.L,Fidelity European Trust Ord,,,2825495086.0,LSE
FFA,First Trust Enhanced Equity Income Fund Common Shares of Beneficial Interest,Finance,Investment Managers,0.0,
FFBC,First Financial Bancorp.,Financials,Regional Banks,3616915712.0,NMS
FFH.TO,Fairfax Financial Holdings Limited,Financial Services,Insurance - Property & Casualty,34223081288.0,TSX
FFIN,First Financial Bankshares Inc.,Financials,Regional Banks,4951823872.0,NMS
FFIV,"F5, Inc.",Technology,Software - Infrastructure,24282281984.0,NMS
FG,F&G Annuities & Life Inc.,Financials,Life & Health Insurance,3930829824.0,NYQ
FGEN.L,Foresight Environmental Infrastructure Limited,Financial Services,Asset Management,720399030.0,LSE
FGP.L,FirstGroup plc,Industrials,Railroads,1297426857.0,LSE
FGT.L,Finsbury Growth & Income Ord,,,1059905485.0,LSE
FHB,First Hawaiian Inc.,Financials,Regional Banks,3665283584.0,NMS
FHN,First Horizon Corporation,Financials,Regional Banks,12216663040.0,NYQ
FIBK,"First Interstate BancSystem, In",Financial Services,Banks - Regional,3774000640.0,NMS
FICO,Fair Isaac Corporation,Information Technology,Application Software,29009504256.0,NYQ
FIS,Fidelity National Information Services Inc.,Financials,Transaction & Payment Processing Services,21698586624.0,NYQ
FISV,Fiserv Inc.,Financials,Transaction & Payment Processing Services,26902663168.0,NMS
FITB,Fifth Third Bancorp,Financials,Regional Banks,51723198464.0,NYQ
FIVE,Five Below Inc.,Consumer Discretionary,Specialty Stores,10472386560.0,NMS
FIX,"Comfort Systems USA, Inc.",Industrials,Construction & Engineering,61786214400.0,NYQ
FIZZ,National Beverage Corp.,Consumer Staples,Soft Drinks & Non-alcoholic Beverages,3165961216.0,NMS
FLEX,Flex Ltd.,Information Technology,Electronic Manufacturing Services,49755705344.0,NMS
FLO,Flowers Foods Inc.,Consumer Staples,Packaged Foods & Meats,1768023538.0,
FLR,Fluor Corporation,Industrials,Construction & Engineering,7086850560.0,NYQ
FLS,Flowserve Corporation,Industrials,Industrial Machinery & Supplies & Components,9007839232.0,NYQ
FM.TO,First Quantum Minerals Ltd.,Basic Materials,Copper,22062093911.0,TSX
FMC,FMC Corporation,Materials,Fertilizers & Agricultural Chemicals,1364244234.0,
FME.DE,Fresenius Medical Care AG,Healthcare,Medical Care Facilities,12921216755.0,XETR
FN,Fabrinet,Information Technology,Electronic Manufacturing Services,16880465920.0,NYQ
FNB,F.N.B. Corporation,Financials,Regional Banks,6702800896.0,NYQ
FND,Floor & Decor Holdings Inc.,Consumer Discretionary,Home Improvement Retail,6175418880.0,NYQ
FNF,Fidelity National Financial Inc.,Financials,Property & Casualty Insurance,13331372032.0,NYQ
FNV.TO,Franco-Nevada Corporation,Basic Materials,Gold,37986948086.0,TSX
FORM,FormFactor Inc. FormFactor Inc.,Information Technology,Semiconductor Materials & Equipment,9161243648.0,NMS
FOSL,Fossil Group Inc.,Consumer Discretionary,Consumer Specialties,244089600.0,
FOUR,"Shift4 Payments, Inc.",Financials,Transaction & Payment Processing Services,5036792832.0,NYQ
FOUR.L,4imprint Group plc,Communication Services,Advertising Agencies,1489892023.0,LSE
FOX,Fox Corporation Class B,Communication Services,Broadcasting,20470155264.0,NMS
FOXA,Fox Corporation Class A,Communication Services,Broadcasting,22725021696.0,NMS
FOXF,Fox Factory Holding Corp.,Consumer Discretionary,Automotive Parts & Equipment,712494900.0,
FPI,Farmland Partners Inc.,Real Estate,Real Estate Investment Trusts,418725130.0,
FR,"First Industrial Realty Trust, ",Real Estate,REIT - Industrial,8907439104.0,NYQ
FRAS.L,Frasers Group Plc,Consumer Cyclical,Specialty Retail,4338099523.0,LSE
FRE.DE,Fresenius SE & Co. KGaA,Healthcare,Medical Care Facilities,26956768159.0,XETR
FRES.L,Fresnillo plc,Basic Materials,Other Precious Metals & Mining,24367910980.0,LSE
FRPH,FRP Holdings Inc.,Finance,Real Estate,459703195.0,
FRPT,Freshpet Inc.,Consumer Staples,Packaged Foods & Meats,2635036416.0,NGM
FRT,Federal Realty Investment Trust,Real Estate,Retail REITs,10511911936.0,NYQ
FSG.L,Foresight Group Holdings Limited,Financial Services,Asset Management,713268556.0,LSE
FSLR,First Solar Inc.,Information Technology,Semiconductors,24481099776.0,NMS
FSS,Federal Signal Corporation,Industrials,Construction Machinery & Heavy Transportation Equipment,7029289984.0,NYQ
FSV.L,Fidelity Special Values Ord,,,1939802182.0,LSE
FSV.TO,FirstService Corporation,Real Estate,Real Estate Services,6916506730.0,TSX
FTDR,Frontdoor Inc.,Consumer Discretionary,Specialized Consumer Services,5289391616.0,NMS
FTI,TechnipFMC plc Ordinary Share,Energy,Oil & Gas Equipment & Services,28646729728.0,NYQ
FTNT,Fortinet Inc.,Information Technology,Systems Software,115399442432.0,NMS
FTRE,Fortrea Holdings Inc.,Health Care,Biotechnology,1680096000.0,
FTS.TO,Fortis Inc.,Utilities,Utilities - Regulated Electric,29647608428.0,TSX
FTV,Fortive Corporation,Technology,Scientific & Technical Instruments,18962356224.0,NYQ
FUL,H. B. Fuller Company,Materials,Specialty Chemicals,3007254272.0,NYQ
FULC,Fulcrum Therapeutics Inc.,Health Care,Biotechnology: Pharmaceutical Preparations,233128336.0,
FULT,Fulton Financial Corporation,Financials,Regional Banks,4621609984.0,NMS
FUN,Six Flags Entertainment Corporation Common Stock New,Consumer Discretionary,Leisure Facilities,1988888711.0,
FWRD,Forward Air Corporation,Industrials,Integrated Freight & Logistics,423143115.0,
G,Genpact Limited,Industrials,Data Processing & Outsourced Services,4978406400.0,NYQ
G.MI,Assicurazioni Generali S.p.A.,Financial Services,Insurance - Diversified,72026039592.0,MIL
G1A.DE,GEA Group Aktiengesellschaft,Industrials,Specialty Industrial Machinery,11232197820.0,XETR
G24.DE,Scout24 SE,Communication Services,Internet Content & Information,5995442887.0,XETR
GAMA.L,Gamma Communications plc,Communication Services,Telecom Services,1131508931.0,LSE
GAW.L,Games Workshop Group PLC,Consumer Cyclical,Leisure,9026796276.0,LSE
GBCI,Glacier Bancorp Inc.,Financials,Regional Banks,6701045760.0,NYQ
GBG.L,GB Group plc,Technology,Software - Application,707240022.0,LSE
GBX,Greenbrier Companies Inc. (The),Industrials,Construction Machinery & Heavy Transportation Equipment,1463447148.0,
GCO,Genesco Inc.,Consumer Discretionary,Clothing/Shoe/Accessory Stores,378969919.0,
GCP.L,GCP Infrastructure Investments Limited,Financial Services,Asset Management,879068594.0,LSE
GD,General Dynamics Corporation,Industrials,Aerospace & Defense,101427544064.0,NYQ
GDDY,GoDaddy Inc. Class A,Information Technology,Internet Services & Infrastructure,11773883392.0,NYQ
GDOT,Green Dot Corporation Class A Common Stock $0.001 par value,Finance,Finance: Consumer Services,754981130.0,
GDWN.L,Goodwin PLC,Industrials,Specialty Industrial Machinery,1852479254.0,LSE
GDYN,Grid Dynamics Holdings Inc. Class A,Technology,Computer Software: Prepackaged Software,490884937.0,
GE,GE Aerospace,Industrials,Aerospace & Defense,375375921152.0,NYQ
GEHC,GE HealthCare Technologies Inc.,Health Care,Health Care Equipment,29431496704.0,NMS
GEN,Gen Digital Inc.,Information Technology,Systems Software,15609061376.0,NMS
GEN.L,Genuit Group plc,Industrials,Building Products & Equipment,923556179.0,LSE
GEO,Geo Group Inc (The) REIT,Industrials,Environmental & Facilities Services,4071349248.0,NYQ
GETY,Getty Images Holdings Inc. Class A,Consumer Discretionary,Business Services,318827985.0,
GEV,GE Vernova Inc.,Industrials,Heavy Electrical Equipment,293326684160.0,NYQ
GEVO,Gevo Inc.,Industrials,Major Chemicals,352946427.0,
GFF,Griffon Corporation,Industrials,Building Products,4178908928.0,NYQ
GFRD.L,Galliford Try Holdings plc,Industrials,Engineering & Construction,758163253.0,LSE
GFTU.L,Grafton Group plc,Industrials,Industrial Distribution,2500835096.0,LSE
GHC,Graham Holdings Company,Consumer Discretionary,Education Services,4989670400.0,NYQ
GHY,PGIM Global High Yield Fund Inc.,Finance,Trusts Except Educational Religious and Charitable,0.0,
GIII,G-III Apparel Group LTD.,Consumer Discretionary,"Apparel, Accessories & Luxury Goods",1466122412.0,
GIL.TO,Gildan Activewear Inc.,Consumer Cyclical,Apparel Manufacturing,9873997951.0,TSX
GILD,Gilead Sciences Inc.,Health Care,Biotechnology,161193017344.0,NMS
GIS,General Mills Inc.,Consumer Staples,Packaged Foods & Meats,19330918400.0,NYQ
GKOS,Glaukos Corporation,Health Care,Health Care Equipment,8969842688.0,NYQ
GL,Globe Life Inc.,Financial Services,Insurance - Life,13908506624.0,NYQ
GLAD,Gladstone Capital Corporation,Consumer Discretionary,Textiles,446213113.0,
GLE.PA,Société Générale Société anonyme,Financial Services,Banks - Regional,63214020165.0,PAR
GLEN.L,Glencore plc,Basic Materials,Other Industrial Metals & Mining,81555815442.0,LSE
GLOO,Gloo Holdings Inc. Class A,Technology,EDP Services,242226438.0,
GLPI,Gaming and Leisure Properties Inc.,Real Estate,Other Specialized REITs,12584672256.0,NMS
GLW,Corning Incorporated,Information Technology,Electronic Components,164287152128.0,NYQ
GM,General Motors Company,Consumer Discretionary,Automobile Manufacturers,70194634752.0,NYQ
GME,GameStop Corporation,Consumer Discretionary,Computer & Electronics Retail,9727626240.0,NYQ
GMED,Globus Medical Inc. Class A,Health Care,Health Care Equipment,10603013120.0,NYQ
GNC.L,Greencore Group plc,Consumer Defensive,Packaged Foods,2336649584.0,LSE
GNL,Global Net Lease Inc.,Real Estate,Diversified REITs,1922218261.0,
GNRC,Generac Holdlings Inc.,Industrials,Heavy Electrical Equipment,13771739136.0,NYQ
GNS.L,Genus plc,Healthcare,Biotechnology,1944805458.0,LSE
GNW,Genworth Financial Inc,Financials,Multi-line Insurance,3523685120.0,NYQ
GO,Grocery Outlet Holding Corp.,Consumer Staples,Food Retail,987248267.0,
GOGO,Gogo Inc.,Consumer Discretionary,Telecommunications Equipment,490915838.0,
GOLF,Acushnet Holdings Corp.,Consumer Discretionary,Leisure Products,6481348096.0,NYQ
GOOG,Alphabet Inc. Class C Capital Stock,Communication Services,Interactive Media & Services,4332279300096.0,NMS
GOOGL,Alphabet Inc. Class A,Communication Services,Interactive Media & Services,4358514933760.0,NMS
GPC,Genuine Parts Company,Consumer Discretionary,Distributors,17476519936.0,NYQ
GPE.L,Great Portland Estates Plc,Real Estate,REIT - Office,1840991496.0,LSE
GPI,Group 1 Automotive Inc.,Consumer Discretionary,Automotive Retail,3568030208.0,NYQ
GPK,Graphic Packaging Holding Company,Materials,Paper & Plastic Packaging Products & Materials,3041722368.0,NYQ
GPN,Global Payments Inc.,Financials,Transaction & Payment Processing Services,20800249856.0,NYQ
GRBK,Green Brick Partners Inc.,Consumer Discretionary,Homebuilding,3177164800.0,NYQ
GRF.MC,"Grifols, S.A.",Healthcare,Drug Manufacturers - General,7111042305.0,BME
GRG.L,Greggs plc,Consumer Cyclical,Restaurants,2160226831.0,LSE
GRI.L,Grainger plc,Real Estate,Real Estate Services,1744597188.0,LSE
GRMN,Garmin Ltd. Common Stock (Switzerland),Consumer Discretionary,Consumer Electronics,46885273600.0,NYQ
GROW.L,Molten Ventures Plc,,,1383709096.0,LSE
GRRR,Gorilla Technology Group Inc. Ordinary shares,Technology,Computer Software: Prepackaged Software,498246658.0,
GRVY,GRAVITY Co. Ltd. American Depository Shares,Consumer Discretionary,Business Services,443339820.0,
GS,"Goldman Sachs Group, Inc. (The)",Financial Services,Capital Markets,311285940224.0,NYQ
GSCT.L,The Global Smaller Companies Trust Ord,,,1081332036.0,LSE
GSHD,Goosehead Insurance Inc. Class A,Financials,Insurance Brokers,1906348131.0,
GSK.L,GSK plc,Healthcare,Drug Manufacturers - General,105535345745.0,LSE
GT,The Goodyear Tire & Rubber Company,Consumer Discretionary,Tires & Rubber,1957457077.0,
GTEN,Gores Holdings X Inc. Class A ordinary shares,,,0.0,
GTES,Gates Industrial Corporation plc,Industrials,Industrial Machinery & Supplies & Components,6690358272.0,NYQ
GTLS,Chart Industries Inc.,Industrials,Industrial Machinery & Supplies & Components,10046282752.0,NYQ
GTM,ZoomInfo Technologies Inc,Communication Services,Interactive Media & Services,860576659.0,
GTY,Getty Realty Corporation,Real Estate,REIT - Retail,2078251648.0,NYQ
GVA,Granite Construction Incorporated,Industrials,Construction & Engineering,5357220864.0,NYQ
GWRE,Guidewire Software Inc.,Information Technology,Application Software,11333689344.0,NYQ
GWW,"W.W. Grainger, Inc.",Industrials,Industrial Distribution,64953921536.0,NYQ
GXO,GXO Logistics Inc.,Industrials,Air Freight & Logistics,5822609408.0,NYQ
H,Hyatt Hotels Corporation Class A,Consumer Discretionary,"Hotels, Resorts & Cruise Lines",17998049280.0,NYQ
H.TO,Hydro One Limited,Utilities,Utilities - Regulated Electric,25057384978.0,TSX
HAE,Haemonetics Corporation,Health Care,Health Care Supplies,3462529536.0,NYQ
HAFC,Hanmi Financial Corporation,Financials,Regional Banks,954014242.0,
HAIN,Hain Celestial Group Inc. (The),Consumer Staples,Packaged Foods,51038345.0,
HAL,Halliburton Company,Energy,Oil & Gas Equipment & Services,28729327616.0,NYQ
HALO,Halozyme Therapeutics Inc.,Health Care,Biotechnology,9038310400.0,NMS
HANA.L,Hansa Investment Company Limited,Financial Services,Asset Management,841681095.0,LSE
HAS,Hasbro Inc.,Consumer Discretionary,Leisure Products,11172104192.0,NMS
HAS.L,Hays plc,Industrials,Staffing & Employment Services,1120811690.0,LSE
HASI,HA Sustainable Infrastructure Capital Inc.,Financials,Specialized Finance,4833436160.0,NYQ
HAYW,Hayward Holdings Inc.,Industrials,Electrical Components & Equipment,3454050816.0,NYQ
HBAN,Huntington Bancshares Incorporated,Financials,Regional Banks,36224827392.0,NMS
HBR.L,Harbour Energy plc,Energy,Oil & Gas E&P,4773102613.0,LSE
HCA,HCA Healthcare Inc.,Health Care,Health Care Facilities,90197843968.0,NYQ
HCC,Warrior Met Coal Inc.,Materials,Steel,4228909056.0,NYQ
HCI,HCI Group Inc.,Financials,Property & Casualty Insurance,2330854144.0,NYQ
HCSG,Healthcare Services Group Inc.,Industrials,Environmental & Facilities Services,1633069593.0,
HD,Home Depot Inc. (The),Consumer Discretionary,Home Improvement Retail,342310125568.0,NYQ
HE,Hawaiian Electric Industries Inc.,Utilities,Electric Utilities,2342665216.0,NYQ
HEI.DE,Heidelberg Materials AG,Basic Materials,Building Materials,35020777820.0,XETR
HELE,Helen of Troy Limited,Consumer Discretionary,Home Furnishings,613512887.0,
HELP,Cybin Inc.,Health Care,Biotechnology: Pharmaceutical Preparations,425830616.0,
HEN3.DE,Henkel AG & Co. KGaA,Consumer Defensive,Household & Personal Products,34732380043.0,XETR
HER.MI,Hera S.p.A.,Utilities,Utilities - Diversified,6552883200.0,MIL
HFEL.L,Henderson Far East Income Limited,Financial Services,Asset Management,765024287.0,LSE
HFG.L,Hilton Food Group plc,Consumer Defensive,Packaged Foods,662793299.0,LSE
HFWA,Heritage Financial Corporation,Health Care,Regional Banks,1212657596.0,
HGT.L,HgCapital Trust Ord,,,2397989582.0,LSE
HGV,Hilton Grand Vacations Inc.,Consumer Discretionary,"Hotels, Resorts & Cruise Lines",3958749184.0,NYQ
HICL.L,HICL Infrastructure PLC Ord,,,3402129207.0,LSE
HIG,The Hartford Insurance Group Inc.,Financials,Property & Casualty Insurance,38043873280.0,NYQ
HII,Huntington Ingalls Industries Inc.,Industrials,Aerospace & Defense,11273098240.0,NYQ
HIK.L,Hikma Pharmaceuticals PLC,Healthcare,Drug Manufacturers - Specialty & Generic,4394922624.0,LSE
HILS.L,Hill & Smith PLC,Industrials,Engineering & Construction,3147299559.0,LSE
HIMS,Hims & Hers Health Inc. Class A,Health Care,Health Care Services,7957515776.0,NYQ
HIW,Highwoods Properties Inc.,Real Estate,Office REITs,3506529024.0,NYQ
HL,Hecla Mining Company,Materials,Silver,10610669568.0,NYQ
HLI,Houlihan Lokey Inc. Class A,Financials,Investment Banking & Brokerage,9345806336.0,NYQ
HLIT,Harmonic Inc.,Information Technology,Communications Equipment,1524374926.0,
HLMA.L,Halma plc,Industrials,Conglomerates,18700771843.0,LSE
HLN.L,Haleon plc,Healthcare,Drug Manufacturers - Specialty & Generic,43907482798.0,LSE
HLNE,Hamilton Lane Incorporated Class A,Financials,Asset Management & Custody Banks,4503237120.0,NMS
HLT,Hilton Worldwide Holdings Inc.,Consumer Discretionary,"Hotels, Resorts & Cruise Lines",76371476480.0,NYQ
HLX,Helix Energy Solutions Group Inc.,Energy,Oil & Gas Equipment & Services,1358069968.0,
HMN,Horace Mann Educators Corporati,Financial Services,Insurance - Property & Casualty,2121222912.0,NYQ
HMSO.L,Hammerson Plc,Real Estate,REIT - Retail,2643658712.0,LSE
HNI,HNI Corporation,Industrials,Office Services & Supplies,2876116992.0,NYQ
HNR1.DE,Hannover Rück SE,Financial Services,Insurance - Reinsurance,34771716173.0,XETR
HO.PA,Thales S.A.,Industrials,Aerospace & Defense,51748045713.0,PAR
HOC.L,Hochschild Mining plc,Basic Materials,Other Precious Metals & Mining,3036579907.0,LSE
HOG,"Harley-Davidson, Inc.",Consumer Cyclical,Recreational Vehicles,2646445056.0,NYQ
HOMB,Home BancShares Inc.,Financials,Regional Banks,5784593408.0,NYQ
HON,Honeywell International Inc.,Industrials,Industrial Conglomerates,71735869440.0,NMS
HOOD,"Robinhood Markets, Inc.",Financial Services,Capital Markets,100829552640.0,NMS
HOPE,Hope Bancorp Inc.,Financials,Regional Banks,1718154588.0,
HP,Helmerich & Payne Inc.,Energy,Oil & Gas Drilling,3330698752.0,NYQ
HPE,Hewlett Packard Enterprise Comp,Technology,Communication Equipment,64276840448.0,NYQ
HPI,John Hancock Preferred Income Fund Common Shares of Beneficial Interest,Finance,Trusts Except Educational Religious and Charitable,0.0,
HPP,Hudson Pacific Properties Inc.,Finance,Real Estate,823393924.0,
HPQ,HP Inc.,Technology,Computer Hardware,22149738496.0,NYQ
HPS,John Hancock Preferred Income Fund III Preferred Income Fund III,Finance,Investment Managers,0.0,
HQY,"HealthEquity, Inc.",Healthcare,Health Information Services,7913595392.0,NMS
HR,Healthcare Realty Trust Incorpo,Real Estate,REIT - Healthcare Facilities,7257058816.0,NYQ
HRB,H&R Block Inc.,Consumer Discretionary,Specialized Consumer Services,5018436608.0,NYQ
HRI.L,Herald Ord,,,757805753.0,LSE
HRL,Hormel Foods Corporation,Consumer Staples,Packaged Foods & Meats,13608528896.0,NYQ
HRMY,Harmony Biosciences Holdings Inc.,Health Care,Biotechnology,2132766208.0,NGM
HSBA.L,HSBC Holdings plc,Financial Services,Banks - Diversified,345043057056.0,LSE
HSIC,Henry Schein Inc.,Health Care,Health Care Distributors,9614574592.0,NMS
HSL.L,Henderson Smaller Companies Ord,,,693245065.0,LSE
HST,Host Hotels & Resorts Inc.,Real Estate,Hotel & Resort REITs,16081502208.0,NMS
HSTM,HealthStream Inc.,Health Care,Health Care Technology,820362479.0,
HSX.L,Hiscox Ltd,Financial Services,Insurance - Property & Casualty,8065981823.0,LSE
HSY,The Hershey Company,Consumer Staples,Packaged Foods & Meats,35225780224.0,NYQ
HTG.L,Hunting PLC,Energy,Oil & Gas Equipment & Services,898022386.0,LSE
HTH,Hilltop Holdings Inc.,Financials,Regional Banks,2241706496.0,NYQ
HTLD,Heartland Express Inc.,Industrials,Cargo Ground Transportation,1146847501.0,
HTO,H2O America,Utilities,Water Utilities,2571920128.0,NMS
HTT,High Templar Tech Limited American depositary shares each representing one Class A ordinary share,Finance,Finance: Consumer Services,419265461.0,
HTWS.L,Helios Towers plc,Communication Services,Telecom Services,2690351814.0,LSE
HTZ,Hertz Global Holdings Inc,Industrials,Passenger Ground Transportation,647317272.0,
HUBB,Hubbell Inc,Industrials,Industrial Machinery & Supplies & Components,25942140928.0,NYQ
HUBG,"Hub Group, Inc.",Industrials,Integrated Freight & Logistics,2825292288.0,NMS
HUM,Humana Inc.,Healthcare,Healthcare Plans,47090524160.0,NYQ
HUT,Hut 8 Corp.,Finance,Finance: Consumer Services,11509369856.0,NMS
HVPE.L,HarbourVest Global Private Equity Ltd.,Financial Services,Asset Management,3147135766.0,LSE
HWDN.L,Howden Joinery Group Plc,Consumer Cyclical,"Furnishings, Fixtures & Appliances",5952652922.0,LSE
HWG.L,Harworth Group plc,Real Estate,Real Estate - Development,562465672.0,LSE
HWKN,Hawkins Inc.,Materials,Commodity Chemicals,2796440064.0,NMS
HWM,Howmet Aerospace Inc.,Industrials,Aerospace & Defense,108369117184.0,NYQ
HXL,Hexcel Corporation,Industrials,Aerospace & Defense,7478605312.0,NYQ
HZO,MarineMax Inc.  (FL),Consumer Discretionary,Specialty Stores,756887371.0,
IACO,Idea Acquisition Corp. Class A,Finance,Blank Checks,0.0,
IAD.L,Invesco Asia Dragon Trust Ord,,,1313897891.0,LSE
IAG.L,International Consolidated Airlines Group S.A.,Industrials,Airlines,26689433668.0,LSE
IAG.MC,International Consolidated Airlines Group S.A.,Industrials,Airlines,26695833266.0,BME
IART,Integra LifeSciences Holdings Corporation,Health Care,Health Care Equipment,1461803807.0,
IBE.MC,"Iberdrola, S.A.",Utilities,Utilities - Diversified,157754868067.0,BME
IBEX,IBEX Limited Common Shares,Technology,EDP Services,443045848.0,
IBKR,"Interactive Brokers Group, Inc.",Financial Services,Capital Markets,159597543424.0,NMS
IBM,International Business Machines Corporation,Information Technology,IT Consulting & Other Services,270273413120.0,NYQ
IBP,Installed Building Products Inc.,Consumer Discretionary,Homebuilding,6065162240.0,NYQ
IBST.L,Ibstock plc,Basic Materials,Building Materials,513723088.0,LSE
ICE,Intercontinental Exchange Inc.,Financials,Financial Exchanges & Data,76491218944.0,NYQ
ICG.L,ICG plc,Financial Services,Asset Management,7431253566.0,LSE
ICGT.L,ICG Enterprise Trust Ord,,,1157145999.0,LSE
ICHR,Ichor Holdings,Information Technology,Semiconductor Materials & Equipment,3497165312.0,NMS
ICUI,ICU Medical Inc.,Health Care,Health Care Supplies,3859509248.0,NMS
IDCC,InterDigital Inc.,Information Technology,Communications Equipment,6845831168.0,NMS
IDR.MC,"Indra Sistemas, S.A.",Technology,Information Technology Services,9744137721.0,BME
IDXX,IDEXX Laboratories Inc.,Health Care,Health Care Equipment,44456091648.0,NMS
IEAG,Infinite Eagle Acquisition Corp. Class A,Finance,Blank Checks,0.0,
IEM.L,Impax Environmental Markets Ord,,,224550101.0,LSE
IEX,IDEX Corporation,Industrials,Industrial Machinery & Supplies & Components,16443185152.0,NYQ
IFC.TO,Intact Financial Corporation,Financial Services,Insurance - Property & Casualty,37129845490.0,TSX
IFF,International Flavors & Fragrances Inc.,Materials,Specialty Chemicals,19793678336.0,NYQ
IFN,Aberdeen India Fund Inc.,Finance,Finance/Investors Services,0.0,
IFX.DE,Infineon Technologies AG,Technology,Semiconductors,96213525015.0,XETR
IG.MI,Italgas S.p.A.,Utilities,Utilities - Regulated Gas,11609933157.0,MIL
IGG.L,IG Group Holdings plc,Financial Services,Capital Markets,7885311483.0,LSE
IHG.L,InterContinental Hotels Group PLC,Consumer Cyclical,Lodging,23560187904.0,LSE
IHP.L,IntegraFin Holdings plc,Financial Services,Asset Management,1735537533.0,LSE
III.L,3i Group Ord,Financial Services,Asset Management,35752804426.0,LSE
IIIN,Insteel Industries Inc.,Industrials,Steel/Iron Ore,568811140.0,
IIPR,Innovative Industrial Properties Inc.,Real Estate,Industrial REITs,1854226847.0,
ILG,"ILG, Inc.",,,,
ILMN,Illumina Inc.,Health Care,Life Sciences Tools & Services,28777259008.0,NMS
IMB.L,Imperial Brands PLC,Consumer Defensive,Tobacco,28919166014.0,LSE
IMI.L,IMI plc,Industrials,Specialty Industrial Machinery,9379006610.0,LSE
IMO.TO,Imperial Oil Limited,Energy,Oil & Gas Integrated,58261859279.0,TSX
IMXI,International Money Express Inc.,Consumer Discretionary,Business Services,436370134.0,
INCH.L,Inchcape plc,Consumer Cyclical,Auto & Truck Dealerships,3737637817.0,LSE
INCR,Intercure Ltd.,Health Care,Biotechnology: Pharmaceutical Preparations,53040895.0,
INCY,Incyte Corporation,Healthcare,Biotechnology,23316576256.0,NMS
INDB,Independent Bank Corp.,Financials,Regional Banks,4038991104.0,NMS
INDP,Indaptus Therapeutics Inc.,Health Care,Biotechnology: Pharmaceutical Preparations,350427312.0,
INDV,Indivior Pharmaceuticals Inc.,Health Care,Pharmaceuticals,4787285504.0,NMS
INF.L,Informa plc,Communication Services,Publishing,15162395399.0,LSE
INPP.L,International Public Partnerships Limited,Financial Services,Asset Management,3400344034.0,LSE
INSM,Insmed Incorporated,Health Care,Biotechnology: Pharmaceutical Preparations,25058750464.0,NMS
INSP,Inspire Medical Systems Inc.,Health Care,Health Care Equipment,1491368799.0,
INSW,"International Seaways, Inc.",Energy,Oil & Gas Midstream,4380175872.0,NYQ
INTC,Intel Corporation,Information Technology,Semiconductors,552055799808.0,NMS
INTU,Intuit Inc.,Information Technology,Application Software,75211726848.0,NMS
INVA,Innoviva Inc.,Health Care,Pharmaceuticals,1641506578.0,
INVH,Invitation Homes Inc.,Real Estate,Single-Family Residential REITs,17583642624.0,NYQ
INVP.L,Investec Group,Financial Services,Capital Markets,5287069494.0,LSE
INVX,Innovex International Inc.,Energy,Oil & Gas Equipment & Services,1778325308.0,
INW.MI,Infrastrutture Wireless Italiane S.p.A.,Real Estate,Real Estate Services,6446084917.0,MIL
IONQ,IonQ Inc.,Technology,EDP Services,15998350336.0,NYQ
IOSP,Innospec Inc.,Materials,Specialty Chemicals,2010386176.0,NMS
IP,International Paper Company,Materials,Paper & Plastic Packaging Products & Materials,20084578304.0,NYQ
IPAR,Interparfums Inc.,Consumer Staples,Household Products,3820035072.0,NMS
IPF.L,International Personal Finance plc,Financial Services,Credit Services,743532305.0,LSE
IPGP,IPG Photonics Corporation,Information Technology,Electronic Manufacturing Services,4572450816.0,NMS
IPO.L,IP Group Plc,Financial Services,Asset Management,771095235.0,LSE
IQV,IQVIA Holdings Inc.,Health Care,Life Sciences Tools & Services,34690166784.0,NYQ
IR,Ingersoll Rand Inc.,Industrials,Industrial Machinery & Supplies & Components,30856908800.0,NYQ
IRDM,Iridium Communications Inc,Communication Services,Telecom Services,5304171008.0,NMS
IRM,Iron Mountain Incorporated (Delaware)Common Stock REIT,Real Estate,Other Specialized REITs,36152221696.0,NYQ
IRT,Independence Realty Trust Inc.,Real Estate,Multi-Family Residential REITs,4045326848.0,NYQ
ISD,PGIM High Yield Bond Fund Inc.,Finance,Trusts Except Educational Religious and Charitable,0.0,
ISP.MI,Intesa Sanpaolo S.p.A.,Financial Services,Banks - Regional,128684111586.0,MIL
ISRG,Intuitive Surgical Inc.,Health Care,Health Care Equipment,144066363392.0,NMS
IT,Gartner Inc.,Information Technology,IT Consulting & Other Services,8920670208.0,NYQ
ITGR,Integer Holdings Corporation,Health Care,Health Care Equipment,3180889344.0,NYQ
ITH.L,Ithaca Energy plc,Energy,Oil & Gas E&P,5162571222.0,LSE
ITIC,Investors Title Company,Finance,Specialty Insurers,521086896.0,
ITRI,Itron Inc.,Information Technology,Electronic Equipment & Instruments,3773278464.0,NMS
ITRK.L,Intertek Group plc,Industrials,Specialty Business Services,12022904461.0,LSE
ITV.L,ITV plc,Communication Services,Broadcasting,3680014370.0,LSE
ITW,Illinois Tool Works Inc.,Industrials,Industrial Machinery & Supplies & Components,77336633344.0,NYQ
ITX.MC,"Industria de Diseño Textil, S.A.",Consumer Cyclical,Apparel Retail,193356457771.0,BME
IVG.MI,Iveco Group N.V.,Industrials,Farm & Heavy Construction Machinery,4254235100.0,MIL
IVZ,Invesco Ltd,Financial Services,Asset Management,12846736384.0,NYQ
IWG.L,International Workplace Group plc,Real Estate,Real Estate Services,2464730270.0,LSE
J,Jacobs Solutions Inc.,Industrials,Construction & Engineering,14858117120.0,NYQ
JACK,Jack In The Box Inc.,Consumer Discretionary,Restaurants,284006142.0,
JAM.L,JPMorgan American Ord,,,2725025951.0,LSE
JAZZ,Jazz Pharmaceuticals plc,Healthcare,Biotechnology,15297954816.0,NMS
JBGS,JBG SMITH Properties Common Shares,Real Estate,Office REITs,1083442080.0,
JBHT,J.B. Hunt Transport Services Inc.,Industrials,Cargo Ground Transportation,26400004096.0,NMS
JBL,Jabil Inc.,Information Technology,Electronic Manufacturing Services,34610126848.0,NYQ
JBLU,JetBlue Airways Corporation,Industrials,Passenger Airlines,2142828800.0,NMS
JBSS,John B. Sanfilippo & Son Inc.,Consumer Staples,Packaged Foods & Meats,1018980253.0,
JBTM,JBT Marel Corporation,Industrials,Industrial Machinery & Supplies & Components,7106736128.0,NYQ
JCH.L,JPMorgan Claverhouse Ord,,,696257134.0,LSE
JCI,Johnson Controls International plc Ordinary Share,Industrials,Building Products,87130603520.0,NYQ
JD.L,JD Sports Fashion Plc,Consumer Cyclical,Apparel Retail,5631371897.0,LSE
JDW.L,J D Wetherspoon plc,Consumer Cyclical,Restaurants,1053488502.0,LSE
JEDT.L,JPMorgan European Discovery Ord,,,754718080.0,LSE
JEF,Jefferies Financial Group Inc.,Financials,Multi-Sector Holdings,10594689024.0,NYQ
JEGI.L,JPMorgan European Growth & Income Ord,,,826071785.0,LSE
JEMI.L,JPMorgan Emerging Markets Div Inc,,,700579806.0,LSE
JFJ.L,JPMorgan Japanese Ord,Financial Services,Asset Management,1645125984.0,LSE
JGGI.L,JPMorgan Global Growth & Income Ord,,,4513366414.0,LSE
JIGI.L,JPMorgan India Growth & Income plc,,,516862226.0,LSE
JJSF,J & J Snack Foods Corp.,Consumer Staples,Packaged Foods & Meats,1434448790.0,
JKHY,Jack Henry & Associates Inc.,Financials,Transaction & Payment Processing Services,10680354816.0,NMS
JMAT.L,Johnson Matthey Plc,Basic Materials,Specialty Chemicals,4326032627.0,LSE
JMGI.L,JPMorgan Emerging Markets Growth & Income plc.,,,2101719591.0,LSE
JNJ,Johnson & Johnson,Healthcare,Drug Manufacturers - General,618606624768.0,NYQ
JOE,St. Joe Company (The),Real Estate,Real Estate Development,3487641856.0,NYQ
JOUT,Johnson Outdoors Inc. Class A,Consumer Discretionary,Recreational Games/Products/Toys,463505121.0,
JPM,JP Morgan Chase & Co.,Financial Services,Banks - Diversified,901575147520.0,NYQ
JSG.L,Johnson Service Group PLC,Industrials,Specialty Business Services,714534030.0,LSE
JTC.L,JTC PLC,Financial Services,Asset Management,3089102664.0,LSE
JUP.L,Jupiter Fund Management Plc,Financial Services,Asset Management,1160983327.0,LSE
JUST,Goldman Sachs JUST U.S. Large Cap Equity ETF,,,554671680.0,
JXN,Jackson Financial Inc.,Financial Services,Insurance - Life,8143204864.0,NYQ
K.TO,Kinross Gold Corporation,Basic Materials,Gold,27246241436.0,TSX
KAI,Kadant Inc,Industrials,Industrial Machinery & Supplies & Components,3479127296.0,NYQ
KALU,Kaiser Aluminum Corporation,Materials,Aluminum,2612699392.0,NMS
KBON,Karbon Capital Partners Corp. Class A,Finance,Blank Checks,0.0,
KD,Kyndryl Holdings Inc.,Information Technology,IT Consulting & Other Services,2639591168.0,NYQ
KDP,Keurig Dr Pepper Inc.,Consumer Staples,Soft Drinks & Non-alcoholic Beverages,43088920576.0,NMS
KER.PA,Kering SA,Consumer Cyclical,Luxury Goods,35831788192.0,PAR
KEY,KeyCorp,Financials,Regional Banks,25149290496.0,NYQ
KEYS,Keysight Technologies Inc.,Information Technology,Electronic Equipment & Instruments,55036850176.0,NYQ
KFY,Korn Ferry,Industrials,Human Resource & Employment Services,3719681024.0,NYQ
KGF.L,Kingfisher plc,Consumer Cyclical,Home Improvement Retail,6605949454.0,LSE
KGS,Kodiak Gas Services Inc.,Energy,Oil & Gas Equipment & Services,6846338560.0,NYQ
KHC,The Kraft Heinz Company,Consumer Staples,Packaged Foods & Meats,29466574848.0,NMS
KIDS,OrthoPediatrics Corp.,Health Care,Medical/Dental Instruments,522175928.0,
KIE.L,Kier Group plc,Industrials,Engineering & Construction,1311692460.0,LSE
KIM,Kimco Realty Corporation (HC),Real Estate,Retail REITs,16778816512.0,NYQ
KIO,KKR Income Opportunities Fund Common Shares,Finance,Investment Managers,0.0,
KKR,KKR & Co. Inc.,Financials,Asset Management & Custody Banks,90390888448.0,NYQ
KLAC,KLA Corporation,Information Technology,Semiconductor Materials & Equipment,302428848128.0,NMS
KLC,KinderCare Learning Companies Inc.,Consumer Discretionary,Other Consumer Services,596878627.0,
KLIC,Kulicke and Soffa Industries Inc.,Information Technology,Semiconductor Materials & Equipment,5935071744.0,NMS
KLR.L,Keller Group plc,Industrials,Engineering & Construction,3028013011.0,LSE
KLXI,KLX Inc.,,,,
KMB,Kimberly-Clark Corporation,Consumer Staples,Household Products,37313417216.0,NMS
KMDA,Kamada Ltd.,Health Care,Biotechnology: Pharmaceutical Preparations,410724719.0,
KMI,Kinder Morgan Inc.,Energy,Oil & Gas Storage & Transportation,71461404672.0,NYQ
KMPR,Kemper Corporation,Financials,Multi-line Insurance,1732668648.0,
KMT,Kennametal Inc.,Industrials,Industrial Machinery & Supplies & Components,2560659456.0,NYQ
KMX,CarMax Inc,Consumer Cyclical,Auto & Truck Dealerships,7590824960.0,NYQ
KN,Knowles Corporation,Information Technology,Electronic Components,3170022144.0,NYQ
KNF,Knife Riv Holding Co.,Materials,Construction Materials,4602169856.0,NYQ
KNOS.L,Kainos Group plc,Technology,Software - Application,1288991512.0,LSE
KNSL,"Kinsale Capital Group, Inc.",Financials,Property & Casualty Insurance,7854504960.0,NYQ
KNTK,Kinetik Holdings Inc. Class A,Energy,Oil & Gas Storage & Transportation,8077168128.0,NYQ
KNX,Knight-Swift Transportation Holdings Inc.,Industrials,Cargo Ground Transportation,12217924608.0,NYQ
KO,Coca-Cola Company (The),Consumer Defensive,Beverages - Non-Alcoholic,359214252032.0,NYQ
KOP,Koppers Holdings Inc.,Materials,Commodity Chemicals,914665645.0,
KR,Kroger Company (The),Consumer Staples,Food Retail,37089669120.0,NYQ
KRC,Kilroy Realty Corporation,Real Estate,Office REITs,4508635136.0,NYQ
KRG,Kite Realty Group Trust,Real Estate,REIT - Retail,5879868928.0,NYQ
KRSP,Rice Acquisition Corporation 3 Class A,,,0.0,
KRYS,Krystal Biotech Inc.,Health Care,Biotechnology,10783989760.0,NMS
KSS,Kohl's Corporation,Consumer Discretionary,Broadline Retail,1905119882.0,
KTB,Kontoor Brands Inc.,Consumer Discretionary,"Apparel, Accessories & Luxury Goods",4734630400.0,NYQ
KTOS,Kratos Defense & Security Solutions Inc.,Industrials,Aerospace & Defense,9036588032.0,NMS
KVUE,Kenvue Inc.,Consumer Staples,Personal Care Products,37401767936.0,NYQ
KW,"Kennedy-Wilson Holdings, Inc.",Real Estate,Real Estate Services,1521191808.0,
KWR,Quaker Houghton,Materials,Specialty Chemicals,2573186048.0,NYQ
L,Loews Corporation,Financial Services,Insurance - Property & Casualty,23661363200.0,NYQ
L.TO,Loblaw Companies Limited,Consumer Defensive,Grocery Stores,54028672999.0,TSX
LAD,"Lithia Motors, Inc.",Consumer Cyclical,Auto & Truck Dealerships,7155097600.0,NYQ
LAND.L,Land Securities Group Plc,Real Estate,REIT - Diversified,6939654961.0,LSE
LAUR,"Laureate Education, Inc.",Consumer Defensive,Education & Training Services,5663521280.0,NMS
LBRT,Liberty Energy Inc. Class A common stock,Energy,Oil & Gas Equipment & Services,3996557824.0,NYQ
LCII,LCI Industries,Consumer Discretionary,Automotive Parts & Equipment,2457164032.0,NYQ
LDO.MI,Leonardo S.p.a.,Industrials,Aerospace & Defense,32745206041.0,MIL
LDOS,Leidos Holdings Inc.,Industrials,Diversified Support Services,13461560320.0,NYQ
LEA,Lear Corporation,Consumer Discretionary,Automotive Parts & Equipment,6819947008.0,NYQ
LEG,Leggett & Platt Incorporated,Consumer Discretionary,Home Furnishings,1492571069.0,
LEN,Lennar Corporation Class A,Consumer Discretionary,Homebuilding,20300232704.0,NYQ
LFST,LifeStance Health Group Inc.,Health Care,Health Care Services,4087537664.0,NMS
LFUS,Littelfuse Inc.,Information Technology,Electronic Components,10498941952.0,NMS
LGEN.L,Legal & General Group Plc,Financial Services,Asset Management,21807719334.0,LSE
LGIH,LGI Homes Inc.,Consumer Discretionary,Homebuilding,1379765050.0,
LGND,Ligand Pharmaceuticals Incorpor,Healthcare,Biotechnology,6337784832.0,NGM
LH,Labcorp Holdings Inc.,Health Care,Health Care Services,22698420224.0,NYQ
LHO,LaSalle Hotel Properties,,,,
LHX,L3Harris Technologies Inc.,Industrials,Aerospace & Defense,54168977408.0,NYQ
LIF,Life360 Inc.,Information Technology,Application Software,4421899264.0,NMS
LII,Lennox International Inc.,Industrials,Building Products,19210627072.0,NYQ
LIN,Linde plc,Basic Materials,Specialty Chemicals,244946960384.0,NMS
LITE,Lumentum Holdings Inc.,Information Technology,Communications Equipment,62396379136.0,NMS
LKFN,Lakeland Financial Corporation,Financials,Regional Banks,1504780594.0,
LKQ,LKQ Corporation,Consumer Discretionary,Distributors,6466591232.0,NMS
LLOY.L,Lloyds Banking Group plc,Financial Services,Banks - Regional,88173591792.0,LSE
LLY,Eli Lilly and Company,Health Care,Pharmaceuticals,1059905929216.0,NYQ
LMAT,LeMaitre Vascular Inc.,Health Care,Health Care Equipment,2347684864.0,NGM
LMND,Lemonade Inc.,Finance,Property-Casualty Insurers,5416634368.0,NYQ
LMP.L,LondonMetric Property Plc,Real Estate,REIT - Industrial,5972387404.0,LSE
LMT,Lockheed Martin Corporation,Industrials,Aerospace & Defense,120635490304.0,NYQ
LNC,Lincoln National Corporation,Financials,Multi-line Insurance,7596900352.0,NYQ
LNCE,152504,,,,
LNN,Lindsay Corporation,Materials,Agricultural & Farm Machinery,1157422491.0,
LNT,Alliant Energy Corporation,Utilities,Electric Utilities,19732365312.0,NMS
LNTH,Lantheus Holdings Inc.,Health Care,Health Care Supplies,6877806080.0,NGM
LOG.MC,"Logista Integral, S.A.",Industrials,Integrated Freight & Logistics,5165478555.0,BME
LOPE,Grand Canyon Education Inc.,Consumer Discretionary,Education Services,4003658752.0,NMS
LOVE,The Lovesac Company,Consumer Discretionary,Other Specialty Stores,245486270.0,
LOW,Lowe's Companies Inc.,Consumer Discretionary,Home Improvement Retail,118724435968.0,NYQ
LPG,Dorian LPG Ltd.,Energy,Oil & Gas Storage & Transportation,1713446374.0,
LQDT,Liquidity Services Inc.,Industrials,Diversified Support Services,1216068009.0,
LR.PA,Legrand SA,Industrials,Electrical Equipment & Parts,41299931985.0,PAR
LRCX,Lam Research Corporation,Information Technology,Semiconductor Materials & Equipment,438112518144.0,NMS
LRE.L,Lancashire Holdings Limited,Financial Services,Insurance - Specialty,2117170108.0,LSE
LRN,Stride Inc.,Consumer Discretionary,Education Services,3869760512.0,NYQ
LSAK,Lesaka Technologies Inc.,Finance,Investment Bankers/Brokers/Service,416114451.0,
LSCC,Lattice Semiconductor Corporation,Information Technology,Semiconductors,18830360576.0,NMS
LSEG.L,London Stock Exchange Group plc,Financial Services,Financial Data & Stock Exchanges,59643843697.0,LSE
LTC,LTC Properties Inc.,Real Estate,Health Care REITs,1988911380.0,
LTH,Life Time Group Holdings Inc.,Consumer Discretionary,Leisure Facilities,9324828672.0,NYQ
LTMC.MI,Lottomatica Group S.p.A.,Consumer Cyclical,Gambling,6780211794.0,MIL
LULU,lululemon athletica inc.,Consumer Discretionary,"Apparel, Accessories & Luxury Goods",13542440960.0,NMS
LUMN,Lumen Technologies Inc.,Communication Services,Alternative Carriers,6933993472.0,NYQ
LUV,Southwest Airlines Company,Industrials,Passenger Airlines,23671312384.0,NYQ
LVS,Las Vegas Sands Corp.,Consumer Discretionary,Casinos & Gaming,30938535936.0,NYQ
LW,Lamb Weston Holdings Inc.,Consumer Staples,Packaged Foods & Meats,6413481472.0,NYQ
LWDB.L,Law Debenture Corporation Ord,,,2194498726.0,LSE
LXFR,Luxfer Holdings PLC,Basic Materials,Major Chemicals,464657710.0,
LXP,LXP Industrial Trust Common Stock (Maryland REIT),Real Estate,Diversified REITs,3245335808.0,NYQ
LYB,LyondellBasell Industries NV Ordinary Shares Class A (Netherlands),Materials,Specialty Chemicals,18188920832.0,NYQ
LYFT,Lyft Inc. Class A,Industrials,Passenger Ground Transportation,5926843904.0,NMS
LYV,Live Nation Entertainment Inc.,Communication Services,Movies & Entertainment,41839431680.0,NYQ
LZ,LegalZoom.com Inc.,Industrials,Research & Consulting Services,1244446289.0,
LZB,La-Z-Boy Incorporated,Consumer Discretionary,Home Furnishings,1563179270.0,
LZM,Lifezone Metals Limited,Basic Materials,Metal Mining,296396799.0,
M,Macy's Inc,Consumer Discretionary,Broadline Retail,5955179008.0,NYQ
MA,Mastercard Incorporated,Financials,Transaction & Payment Processing Services,465418944512.0,NYQ
MAA,Mid-America Apartment Communities Inc.,Real Estate,Multi-Family Residential REITs,16138928128.0,NYQ
MAB.L,Mitchells & Butlers plc,Consumer Cyclical,Restaurants,2128030970.0,LSE
MAC,Macerich Company (The),Real Estate,Retail REITs,7629960192.0,NYQ
MAN,ManpowerGroup,Industrials,Human Resource & Employment Services,1800299209.0,
MANH,Manhattan Associates Inc.,Information Technology,Application Software,9164596224.0,NMS
MAP.MC,"Mapfre, S.A.",Financial Services,Insurance - Diversified,15557686451.0,BME
MAR,Marriott International Class A,Consumer Discretionary,"Hotels, Resorts & Cruise Lines",99175923712.0,NMS
MARA,MARA Holdings Inc.,Information Technology,Internet Services & Infrastructure,4804008448.0,NCM
MARK,"Remark Holdings, Inc.",Technology,Software - Infrastructure,68092.0,
MAS,Masco Corporation,Industrials,Building Products,15703007232.0,NYQ
MASI,Masimo Corporation,Healthcare,Medical Devices,9423817728.0,
MAT,Mattel Inc.,Consumer Discretionary,Leisure Products,3873284608.0,NMS
MATV,Mativ Holdings Inc.,Basic Materials,Paper,430467113.0,
MATW,Matthews International Corporation Class A,Consumer Discretionary,Specialized Consumer Services,831856997.0,
MATX,"Matson, Inc.",Industrials,Marine Shipping,6197011968.0,NYQ
MAX,MediaAlpha Inc. Class A,Consumer Discretionary,Business Services,833625142.0,
MB.MI,Mediobanca Banca di Credito Finanziario S.p.A.,Financial Services,Banks - Regional,25164978987.0,MIL
MBC,MasterBrand Inc.,Industrials,Building Products,1162100077.0,
MBG.DE,Mercedes-Benz Group AG,Consumer Cyclical,Auto Manufacturers,50232455362.0,XETR
MBIN,Merchants Bancorp,Financials,Regional Banks,2205818368.0,NCM
MBVI,M3-Brigade Acquisition VI Corp. Class A,,,0.0,
MC,Moelis & Company Class A,Financials,Investment Banking & Brokerage,4741490176.0,NYQ
MC.PA,"LVMH Moët Hennessy - Louis Vuitton, Société Européenne",Consumer Cyclical,Luxury Goods,283842368632.0,PAR
MCD,McDonald's Corporation,Consumer Discretionary,Restaurants,195104915456.0,NYQ
MCHP,Microchip Technology Incorporated,Information Technology,Semiconductors,48105111552.0,NMS
MCK,McKesson Corporation,Health Care,Health Care Distributors,94359977984.0,NYQ
MCO,Moody's Corporation,Financial Services,Financial Data & Stock Exchanges,85116329984.0,NYQ
MCRI,Monarch Casino & Resort Inc.,Consumer Discretionary,Casinos & Gaming,2198455040.0,NMS
MCY,Mercury General Corporation,Financials,Property & Casualty Insurance,6051761664.0,NYQ
MD,"Pediatrix Medical Group, Inc.",Healthcare,Medical Care Facilities,2157342720.0,NYQ
MDLZ,Mondelez International Inc. Class A,Consumer Staples,Packaged Foods & Meats,75517116416.0,NMS
MDT,Medtronic plc.,Health Care,Health Care Equipment,107357396992.0,NYQ
MDU,MDU Resources Group Inc. Common Stock (Holding Company),Utilities,Multi-Utilities,4384946176.0,NYQ
MEDP,Medpace Holdings Inc.,Health Care,Life Sciences Tools & Services,15371680768.0,NMS
MEGP.L,ME Group International plc,Industrials,Business Equipment & Supplies,584369896.0,LSE
MELI,MercadoLibre Inc.,Consumer Discretionary,Business Services,93902340096.0,NMS
MESH,Meshflow Acquisition Corp. Class A,,,0.0,
MET,"MetLife, Inc.",Financial Services,Insurance - Life,58970984448.0,NYQ
META,Meta Platforms Inc. Class A,Communication Services,Interactive Media & Services,1698738339840.0,NMS
MFC.TO,Manulife Financial Corporation,Financial Services,Insurance - Life,71750329843.0,TSX
MG.TO,Magna International Inc.,Consumer Cyclical,Auto Parts,18281597716.0,TSX
MGAM.L,Morgan Advanced Materials plc,Industrials,Specialty Industrial Machinery,815393768.0,LSE
MGEE,MGE Energy Inc,Utilities,Electric Utilities,3086532864.0,NMS
MGM,MGM Resorts International,Consumer Discretionary,Casinos & Gaming,11994305536.0,NYQ
MGNS.L,Morgan Sindall Group plc,Industrials,Engineering & Construction,2995235426.0,LSE
MGY,Magnolia Oil & Gas Corporation Class A,Energy,Oil & Gas Exploration & Production,4912257536.0,NYQ
MHK,Mohawk Industries Inc.,Consumer Discretionary,Home Furnishings,6703017472.0,NYQ
MHO,M/I Homes Inc.,Consumer Discretionary,Homebuilding,3796099328.0,NYQ
MIDD,Middleby Corporation (The),Industrials,Industrial Machinery & Supplies & Components,6134250496.0,NMS
MIR,Mirion Technologies Inc. Class A,Information Technology,Electronic Equipment & Instruments,4159147008.0,NYQ
MKC,McCormick & Company Incorporated,Consumer Staples,Packaged Foods & Meats,14101264384.0,NYQ
MKS.L,Marks and Spencer Group plc,Consumer Cyclical,Department Stores,10609127262.0,LSE
MKSI,MKS Inc.,Information Technology,Semiconductor Materials & Equipment,24895414272.0,NMS
MKTX,MarketAxess Holdings Inc.,Financials,Financial Exchanges & Data,4046522112.0,NMS
ML.PA,Compagnie Générale des Établissements Michelin Société en commandite par actions,,,,PAR
MLI,Mueller Industries Inc.,Industrials,Industrial Machinery & Supplies & Components,12600488960.0,NYQ
MLKN,MillerKnoll Inc.,Industrials,Office Services & Supplies,1378434597.0,
MLM,Martin Marietta Materials Inc.,Materials,Construction Materials,34689716224.0,NYQ
MMI,Marcus & Millichap Inc.,Real Estate,Real Estate Services,1160373069.0,
MMM,3M Company,Industrials,Industrial Conglomerates,82157281280.0,NYQ
MMSI,Merit Medical Systems Inc.,Health Care,Health Care Supplies,4381052928.0,NMS
MNDI.L,Mondi plc,Basic Materials,Paper & Paper Products,4381853315.0,LSE
MNG.L,M&G plc,Financial Services,Asset Management,11318170689.0,LSE
MNKS.L,Monks Ord,,,3361053346.0,LSE
MNRO,Monro Inc.,Consumer Discretionary,Automotive Aftermarket,525259969.0,
MNST,Monster Beverage Corporation,Consumer Staples,Soft Drinks & Non-alcoholic Beverages,95248211968.0,NMS
MNTN.L,The Schiehallion Fund Limited,Financial Services,Asset Management,2072709632.0,LSE
MO,Altria Group Inc.,Consumer Staples,Tobacco,119881490432.0,NYQ
MOBI,Mobia Medical Inc.,Health Care,Medical/Dental Instruments,405305383.0,
MOG-A,Moog Inc.,Industrials,Aerospace & Defense,12898284544.0,NYQ
MOH,Molina Healthcare Inc,Health Care,Managed Health Care,12155450368.0,NYQ
MONC.MI,Moncler S.p.A.,Consumer Cyclical,Apparel Manufacturing,16207127426.0,MIL
MONY.L,MONY Group plc,Communication Services,Internet Content & Information,1421607457.0,LSE
MOON.L,Moonpig Group PLC,Consumer Cyclical,Specialty Retail,1075160140.0,LSE
MORN,Morningstar Inc.,Financials,Financial Exchanges & Data,6281467392.0,NMS
MOS,Mosaic Company (The),Materials,Fertilizers & Agricultural Chemicals,6836881408.0,NYQ
MP,MP Materials Corp.,Materials,Diversified Metals & Mining,9294538752.0,NYQ
MPC,Marathon Petroleum Corporation,Energy,Oil & Gas Refining & Marketing,82834096128.0,NYQ
MPT,Medical Properties Trust Inc. common stock,Real Estate,Health Care REITs,2697431040.0,NYQ
MPWR,Monolithic Power Systems Inc.,Information Technology,Semiconductors,66460114944.0,NMS
MRC.L,Mercantile Ord,,,2381367686.0,LSE
MRCH.L,Merchants Trust Ord,,,1302525822.0,LSE
MRCY,Mercury Systems Inc,Industrials,Electrical Components & Equipment,6483473920.0,NMS
MRK,Merck & Company Inc. Common Stock (new),Health Care,Pharmaceuticals,305122115584.0,NYQ
MRK.DE,Merck KGaA,Healthcare,Drug Manufacturers - Specialty & Generic,68624269292.0,XETR
MRL.MC,"MERLIN Properties SOCIMI, S.A.",Real Estate,REIT - Office,10589676461.0,BME
MRNA,Moderna Inc.,Health Care,Biotechnology,27088596992.0,NMS
MRO.L,Melrose Industries PLC,Industrials,Specialty Industrial Machinery,7807114245.0,LSE
MRP,Millrose Properties Inc. Class A,Real Estate,Single-Family Residential REITs,4710779392.0,NYQ
MRSH,Marsh,Financials,Insurance Brokers,85908774912.0,NYQ
MRTN,Marten Transport Ltd.,Industrials,Cargo Ground Transportation,1399253665.0,
MRU.TO,Metro Inc.,Consumer Defensive,Grocery Stores,14154225060.0,TSX
MRVL,Marvell Technology Inc.,Information Technology,Semiconductors,211649953792.0,NMS
MS,Morgan Stanley,Financial Services,Capital Markets,350598889472.0,NYQ
MSC,Studio City International Holdings Limited American depositary shares each representing four  Class A ordinary shares,Consumer Discretionary,Hotels/Resorts,370860362.0,
MSCC,828151,,,,
MSCI,MSCI Inc.,Financials,Financial Exchanges & Data,43979104256.0,NYQ
MSEX,Middlesex Water Company,Utilities,Water Utilities,1024524338.0,
MSFT,Microsoft Corporation,Information Technology,Systems Software,2860690440192.0,NMS
MSGS,Madison Square Garden Sports Co,Communication Services,Entertainment,9194665984.0,NYQ
MSI,Motorola Solutions Inc.,Information Technology,Communications Equipment,70196215808.0,NYQ
MSLH.L,Marshalls plc,Basic Materials,Building Materials,514702096.0,LSE
MSTR,Strategy Inc Common Stock Class A,Technology,Computer Software: Prepackaged Software,33859211264.0,NMS
MT.AS,ArcelorMittal S.A.,Basic Materials,Steel,49987618593.0,AMS
MTB,M&T Bank Corporation,Financial Services,Banks - Regional,35489492992.0,NYQ
MTCH,"Match Group, Inc.",Communication Services,Internet Content & Information,9062404096.0,NMS
MTD,Mettler-Toledo International Inc.,Health Care,Life Sciences Tools & Services,26192486400.0,NYQ
MTDR,Matador Resources Company,Energy,Oil & Gas Exploration & Production,6375309824.0,NYQ
MTG,MGIC Investment Corporation,Financials,Reinsurance,5951335936.0,NYQ
MTH,Meritage Homes Corporation,Consumer Discretionary,Homebuilding,5043450368.0,NYQ
MTLN.L,Metlen Energy & Metals PLC,Utilities,Utilities - Diversified,7151222004.0,LSE
MTN,Vail Resorts Inc.,Consumer Discretionary,"Hotels, Resorts & Cruise Lines",5350018048.0,NYQ
MTO.L,Mitie Group plc,Industrials,Specialty Business Services,2508824061.0,LSE
MTRN,Materion Corporation,Materials,Diversified Metals & Mining,5359710208.0,NYQ
MTRO.L,Metro Bank Holdings PLC,Financial Services,Banks - Regional,1540653919.0,LSE
MTS.MC,ArcelorMittal S.A.,Basic Materials,Steel,49970362904.0,BME
MTSI,MACOM Technology Solutions Hold,Information Technology,Semiconductors,23538771968.0,NMS
MTUS,Metallus Inc. Common Shares,Materials,Steel,793425982.0,
MTX,Minerals Technologies Inc.,Materials,Specialty Chemicals,2246892800.0,NYQ
MTX.DE,MTU Aero Engines AG,Industrials,Aerospace & Defense,21316978996.0,XETR
MTZ,MasTec Inc.,Industrials,Construction & Engineering,29465231360.0,NYQ
MU,Micron Technology Inc.,Information Technology,Semiconductors,1106014765056.0,NMS
MUR,Murphy Oil Corporation,Energy,Oil & Gas Exploration & Production,4838047744.0,NYQ
MUSA,Murphy USA Inc.,Consumer Discretionary,Automotive Retail,10901951488.0,NYQ
MUT.L,Murray Income Trust Ord,,,1259432979.0,LSE
MUV2.DE,Münchener Rückversicherungs-Gesellschaft Aktiengesellschaft in München,Financial Services,Insurance - Reinsurance,74990943826.0,XETR
MVST,Microvast Holdings Inc.,Miscellaneous,Industrial Machinery/Components,356478401.0,
MWA,MUELLER WATER PRODUCTS,Industrials,Industrial Machinery & Supplies & Components,3899259136.0,NYQ
MWC,Micware Co. Ltd. American Depositary Shares,Technology,EDP Services,199649231.0,
MXL,MaxLinear Inc.,Information Technology,Semiconductors,8175546368.0,NMS
MYI.L,Murray International Ord,,,2863916982.0,LSE
MYRG,MYR Group Inc.,Industrials,Construction & Engineering,6529558016.0,NMS
N91.L,Ninety One Group,Financial Services,Asset Management,2851101292.0,LSE
NABL,N-able Inc.,Information Technology,Systems Software,796840167.0,
NAS.L,North Atlantic Smaller Cos Ord,,,717698771.0,LSE
NATL,NCR Atleos Corporation,Technology,Software - Application,3315739904.0,NYQ
NAVI,Navient Corporation,Financials,Consumer Finance,774395068.0,
NBB,Nuveen Taxable Municipal Income Fund Common Shares of Beneficial Interest,Finance,Finance Companies,0.0,
NBHC,National Bank Holdings Corporation,Financials,Regional Banks,2021407394.0,
NBIX,Neurocrine Biosciences Inc.,Health Care,Biotechnology,17808408576.0,NMS
NBPE.L,Neuberger Private Equity Partners Limited,Financial Services,Asset Management,799326527.0,LSE
NBTB,NBT Bancorp Inc.,Financial Services,Banks - Regional,2615074304.0,NMS
NCC.L,NCC Group plc,Technology,Software - Infrastructure,530886923.0,LSE
NCLH,Norwegian Cruise Line Holdings Ltd.,Consumer Discretionary,"Hotels, Resorts & Cruise Lines",9003150336.0,NYQ
NDAQ,Nasdaq Inc.,Financials,Financial Exchanges & Data,49812836352.0,NMS
NDSN,Nordson Corporation,Industrials,Industrial Machinery & Supplies & Components,15968763904.0,NMS
NE,Noble Corporation plc A,Energy,Oil & Gas Drilling,6377051648.0,NYQ
NEE,NextEra Energy Inc.,Utilities,Multi-Utilities,183449845760.0,NYQ
NEM,Newmont Corporation,Materials,Gold,101727100928.0,NYQ
NEO,NeoGenomics Inc.,Health Care,Health Care Services,1837288216.0,
NEOG,Neogen Corporation,Healthcare,Medical Devices,2094014592.0,NMS
NET,"Cloudflare, Inc.",Technology,Software - Infrastructure,95265775616.0,NYQ
NEXI.MI,Nexi S.p.A.,Technology,Software - Infrastructure,5645132357.0,MIL
NEXN,Nexxen International Ltd.,Technology,Computer Software: Programming Data Processing,633007579.0,
NEXT,NextDecade Corporation,Utilities,Oil & Gas Production,2117293952.0,NCM
NFLX,Netflix Inc.,Communication Services,Movies & Entertainment,308946305024.0,NMS
NG.L,National Grid plc,Utilities,Utilities - Regulated Electric,81534960270.0,LSE
NGVT,Ingevity Corporation,Materials,Specialty Chemicals,2505995520.0,NYQ
NHC,National HealthCare Corporation,Healthcare,Medical Care Facilities,3286060032.0,ASE
NI,NiSource Inc,Utilities,Multi-Utilities,22485700608.0,NYQ
NIO,NIO Inc. American depositary shares each  representing one Class A ordinary share,Industrials,Auto Manufacturing,11977089024.0,NYQ
NJR,NewJersey Resources Corporation,Utilities,Utilities - Regulated Gas,5890792448.0,NYQ
NKE,Nike Inc.,Consumer Discretionary,"Apparel, Accessories & Luxury Goods",65706954752.0,NYQ
NKLR,Terra Innovatum Global N.V. Ordinary shares,Industrials,Metal Fabrications,545874486.0,
NKTR,Nektar Therapeutics,Health Care,Biotechnology: Pharmaceutical Preparations,2377185280.0,NCM
NLY,Annaly Capital Management Inc.,Real Estate,REIT - Mortgage,16751265792.0,NYQ
NMAI,Nuveen Multi-Asset Income Fund Common Shares of Beneficial Interest,Finance,Investment Managers,0.0,
NMIH,NMI Holdings Inc.,Financials,Commercial & Residential Mortgage Finance,3127002880.0,NGM
NOC,Northrop Grumman Corporation,Industrials,Aerospace & Defense,76645523456.0,NYQ
NOG,Northern Oil and Gas Inc.,Energy,Oil & Gas Exploration & Production,2014682496.0,NYQ
NOK,Nokia Corporation Sponsored American Depositary Shares,Technology,Radio And Television Broadcasting And Communications Equipment,69446721536.0,NYQ
NOV,NOV Inc.,Energy,Oil & Gas Equipment & Services,6779403264.0,NYQ
NOVT,Novanta Inc.,Information Technology,Electronic Equipment & Instruments,5578823680.0,NMS
NOW,ServiceNow Inc.,Information Technology,Systems Software,111082184704.0,NYQ
NPFD,Nuveen Variable Rate Preferred & Income Fund Common Shares,Finance,Trusts Except Educational Religious and Charitable,0.0,
NPK,National Presto Industries Inc.,Industrials,Aerospace & Defense,893221429.0,
NPO,Enpro Inc.,Industrials,Industrial Machinery & Supplies & Components,6991236096.0,NYQ
NRG,NRG Energy Inc.,Utilities,Independent Power Producers & Energy Traders,29626718208.0,NYQ
NSA,National Storage Affiliates Trust Common Shares of Beneficial Interest,Real Estate,Self-Storage REITs,6571693568.0,NYQ
NSC,Norfolk Southern Corporation,Industrials,Rail Transportation,73547800576.0,NYQ
NSIT,"Insight Enterprises, Inc.",Technology,Electronics & Computer Distribution,3618731008.0,NMS
NSP,Insperity Inc.,Industrials,Human Resource & Employment Services,1737079473.0,
NSSC,NAPCO Security Technologies Inc.,Information Technology,Electronic Equipment & Instruments,1288685046.0,
NTAP,"NetApp, Inc.",Technology,Software - Infrastructure,33084995584.0,NMS
NTCT,"NetScout Systems, Inc.",Technology,Software - Infrastructure,3122910976.0,NMS
NTGY.MC,"Naturgy Energy Group, S.A.",Utilities,Utilities - Regulated Gas,30378078816.0,BME
NTNX,Nutanix Inc. Class A,Information Technology,Systems Software,14810861568.0,NMS
NTR.TO,Nutrien Ltd.,Basic Materials,Agricultural Inputs,32209281690.0,TSX
NTRS,Northern Trust Corporation,Financial Services,Asset Management,33965426688.0,NMS
NUAI,New Era Energy & Digital Inc.,Energy,Oil & Gas Production,448718811.0,
NUE,Nucor Corporation,Materials,Steel,51781455872.0,NYQ
NUS,Nu Skin Enterprises Inc.,Health Care,Other Pharmaceuticals,253919340.0,
NVDA,NVIDIA Corporation,Information Technology,Semiconductors,5109662089216.0,NMS
NVEC,NVE Corporation,Technology,Semiconductors,439117929.0,
NVR,NVR Inc.,Consumer Discretionary,Homebuilding,17489766400.0,NYQ
NVST,Envista Holdings Corporation,Health Care,Health Care Supplies,4216280320.0,NYQ
NVT,nVent Electric plc,Industrials,Electrical Components & Equipment,25991710720.0,NYQ
NWBI,Northwest Bancshares Inc.,Financials,Regional Banks,2200572416.0,NMS
NWE,"NorthWestern Energy Group, Inc.",Utilities,Utilities - Regulated Electric,4472247808.0,NMS
NWG.L,NatWest Group plc,Financial Services,Banks - Regional,71234452999.0,LSE
NWL,Newell Brands Inc.,Consumer Discretionary,Housewares & Specialties,2196876544.0,NMS
NWN,Northwest Natural Holding Company,Utilities,Gas Utilities,2120849792.0,NYQ
NWS,News Corporation Class B,Communication Services,Publishing,16781242368.0,NMS
NWSA,News Corporation Class A,Communication Services,Publishing,14849744896.0,NMS
NX,Quanex Building Products Corporation,Industrials,Building Products,799146591.0,
NXPI,NXP Semiconductors N.V.,Technology,Semiconductors,73787195392.0,NMS
NXRT,NexPoint Residential Trust Inc.,Real Estate,Multi-Family Residential REITs,696171199.0,
NXST,Nexstar Media Group Inc.,Communication Services,Broadcasting,5315307008.0,NMS
NXT,Nextpower Inc. Class A,Industrials,Electrical Components & Equipment,17122173952.0,NMS
NXT.L,NEXT plc,Consumer Cyclical,Apparel Retail,23071814468.0,LSE
O,Realty Income Corporation,Real Estate,REIT - Retail,59036102656.0,NYQ
OBT,Orange County Bancorp Inc.,Finance,Major Banks,496360606.0,
OC,Owens Corning Inc Common Stock New,Industrials,Building Products,11543735296.0,NYQ
OCDO.L,Ocado Group plc,Consumer Defensive,Grocery Stores,1785986325.0,LSE
OCGN,Ocugen Inc.,Health Care,Biotechnology: Biological Products (No Diagnostic Substances),497627128.0,
OCI.L,Oakley Capital Investments Limited,Financial Services,Asset Management,1131357724.0,LSE
OCS,Oculis Holding AG Ordinary shares,Health Care,Biotechnology: Pharmaceutical Preparations,790327890.0,
ODFL,Old Dominion Freight Line Inc.,Industrials,Cargo Ground Transportation,47338782720.0,NMS
OFG,OFG Bancorp,Financials,Regional Banks,2085451520.0,NYQ
OGN,Organon & Co.,Health Care,Pharmaceuticals,3550479872.0,NYQ
OGS,ONE Gas Inc.,Utilities,Gas Utilities,4968909312.0,NYQ
OI,O-I Glass Inc.,Materials,"Metal, Glass & Plastic Containers",1483939770.0,
OII,Oceaneering International Inc.,Energy,Oil & Gas Equipment & Services,4199274752.0,NYQ
OKE,ONEOK Inc.,Energy,Oil & Gas Storage & Transportation,56652550144.0,NYQ
OKTA,Okta Inc. Class A,Information Technology,Application Software,24308279296.0,NMS
OLED,Universal Display Corporation,Information Technology,Semiconductors,3788692224.0,NMS
OLLI,Ollie's Bargain Outlet Holdings Inc.,Consumer Discretionary,Broadline Retail,3923418624.0,NGM
OMC,Omnicom Group Inc.,Communication Services,Advertising,23350558720.0,NYQ
OMCL,Omnicell Inc. Common Stock ($0.001 par value),Health Care,Health Care Technology,2042912512.0,NMS
ON,ON Semiconductor Corporation,Information Technology,Semiconductors,37346250752.0,NMS
ONB,Old National Bancorp,Financials,Regional Banks,10126835712.0,NMS
ONT.L,Oxford Nanopore Technologies plc,Healthcare,Biotechnology,1522516505.0,LSE
ONTO,Onto Innovation Inc.,Information Technology,Semiconductor Materials & Equipment,15989572608.0,NYQ
OPCH,Option Care Health Inc.,Health Care,Health Care Facilities,3387083264.0,NMS
OPEN,Opendoor Technologies Inc,Finance,Real Estate,4596969984.0,NMS
OPLN,OPENLANE Inc.,Industrials,Diversified Support Services,4226190080.0,NYQ
OPTX,Syntec Optics Holdings Inc. Class A,Technology,Electronic Components,366144091.0,
OR.PA,L'Oréal S.A.,Consumer Defensive,Household & Personal Products,232300289864.0,PAR
ORA,Ormat Technologies Inc.,Utilities,Renewable Electricity,6745756672.0,NYQ
ORA.PA,Orange S.A.,Communication Services,Telecom Services,48958908625.0,PAR
ORCL,Oracle Corporation,Information Technology,Application Software,405109440512.0,NYQ
ORLY,O'Reilly Automotive Inc.,Consumer Discretionary,Automotive Retail,71501537280.0,NMS
OSB.L,OSB Group Plc,Financial Services,Mortgage Finance,2543254922.0,LSE
OSIS,OSI Systems Inc. Common Stock (DE),Information Technology,Electronic Equipment & Instruments,3568710400.0,NMS
OSS,One Stop Systems Inc.,Technology,Computer Manufacturing,340078603.0,
OSW,OneSpaWorld Holdings Limited Common Shares,Consumer Discretionary,Leisure Facilities,2670855680.0,NCM
OTEX.TO,Open Text Corporation,Technology,Software - Application,5740667849.0,TSX
OTIS,Otis Worldwide Corporation,Industrials,Industrial Machinery & Supplies & Components,28045805568.0,NYQ
OTTR,Otter Tail Corporation,Utilities,Electric Utilities,3734910208.0,NMS
OUT,OUTFRONT Media Inc.,Real Estate,REIT - Specialty,5817138176.0,NYQ
OVID,Ovid Therapeutics Inc.,Health Care,Biotechnology: Pharmaceutical Preparations,470333057.0,
OVV,Ovintiv Inc. (DE),Energy,Oil & Gas Exploration & Production,15604962304.0,NYQ
OXB.L,Oxford Biomedica plc,Healthcare,Biotechnology,1058096088.0,LSE
OXIG.L,Oxford Instruments plc,Technology,Scientific & Technical Instruments,2146230452.0,LSE
OXM,Oxford Industries Inc.,Industrials,Garments and Clothing,548711751.0,
OXY,Occidental Petroleum Corporation,Energy,Oil & Gas Exploration & Production,52606226432.0,NYQ
PAF.L,Pan African Resources PLC,Basic Materials,Gold,2460411304.0,LSE
PAG,"Penske Automotive Group, Inc.",Consumer Cyclical,Auto & Truck Dealerships,12773108736.0,NYQ
PAG.L,Paragon Banking Group PLC,Financial Services,Mortgage Finance,1975267526.0,LSE
PAGE.L,PageGroup plc,Industrials,Staffing & Employment Services,672300411.0,LSE
PAH3.DE,Porsche Automobil Holding SE,Consumer Cyclical,Auto Manufacturers,9650028720.0,XETR
PAHC,Phibro Animal Health Corporation Class A,Health Care,Pharmaceuticals,1300910442.0,
PAL,Proficient Auto Logistics Inc.,Consumer Discretionary,Transportation Services,193557416.0,
PANW,Palo Alto Networks Inc.,Information Technology,Systems Software,265616654336.0,NMS
PARR,"Par Pacific Holdings, Inc. Comm",Energy,Oil & Gas Refining & Marketing,3298490368.0,NYQ
PATH,UiPath Inc. Class A,Information Technology,Systems Software,6051644928.0,NYQ
PATK,Patrick Industries Inc.,Consumer Discretionary,Automotive Parts & Equipment,2742070784.0,NMS
PAYC,Paycom Software Inc.,Industrials,Human Resource & Employment Services,6484896768.0,NYQ
PAYO,Payoneer Global Inc.,Financials,Transaction & Payment Processing Services,2401180160.0,NGM
PAYX,Paychex Inc.,Industrials,Human Resource & Employment Services,38241222656.0,NMS
PBF,PBF Energy Inc. Class A,Energy,Oil & Gas Refining & Marketing,6291643904.0,NYQ
PBH,Prestige Consumer Healthcare In,Health Care,Pharmaceuticals,2316499200.0,NYQ
PBI,Pitney Bowes Inc.,Industrials,Integrated Freight & Logistics,2482641408.0,NYQ
PCAR,PACCAR Inc.,Industrials,Construction Machinery & Heavy Transportation Equipment,65559478272.0,NMS
PCG,Pacific Gas & Electric Co.,Utilities,Utilities - Regulated Electric,37812195328.0,NYQ
PCGH.L,Polar Capital Glb Healthcare Ord,,,603300930.0,LSE
PCRX,Pacira BioSciences Inc.,Health Care,Pharmaceuticals,1002585104.0,
PCT.L,Polar Capital Technology Ord,,,9623739017.0,LSE
PCTY,Paylocity Holding Corporation,Industrials,Human Resource & Employment Services,6344970752.0,NMS
PDD,PDD Holdings Inc. American Depositary Shares,Technology,EDP Services,121173737472.0,NMS
PDFS,PDF Solutions Inc.,Information Technology,Semiconductor Materials & Equipment,2324495872.0,NMS
PDLB,Ponce Financial Group Inc.,Finance,Savings Institutions,481339230.0,
PEB,Pebblebrook Hotel Trust Common Shares of Beneficial Interest,Real Estate,Hotel & Resort REITs,2061052672.0,NYQ
PECO,"Phillips Edison & Company, Inc.",Real Estate,REIT - Retail,5807911424.0,NMS
PEG,Public Service Enterprise Group Incorporated,Utilities,Electric Utilities,40139792384.0,NYQ
PEGA,Pegasystems Inc.,Information Technology,Application Software,5220705280.0,NMS
PEN,Penumbra Inc.,Health Care,Health Care Equipment,12511326208.0,NYQ
PENG,"Penguin Solutions, Inc.",Technology,Information Technology Services,4014865408.0,NMS
PENN,PENN Entertainment Inc.,Consumer Discretionary,Casinos & Gaming,2727065088.0,NMS
PEP,PepsiCo Inc.,Consumer Staples,Soft Drinks & Non-alcoholic Beverages,187661090816.0,NMS
PETS.L,Pets at Home Group Plc,Consumer Cyclical,Specialty Retail,1173583412.0,LSE
PEY.L,Partners Group Private Equity Limited,Financial Services,Asset Management,562578217.0,LSE
PFBC,Preferred Bank,Financials,Regional Banks,1518078515.0,
PFD.L,Premier Foods plc,Consumer Defensive,Packaged Foods,2248182862.0,LSE
PFE,Pfizer Inc.,Health Care,Pharmaceuticals,137755574272.0,NYQ
PFG,Principal Financial Group Inc,Financial Services,Asset Management,24243070976.0,NMS
PFGC,Performance Food Group Company,Consumer Staples,Food Distributors,17807706112.0,NYQ
PFS,Provident Financial Services Inc,Financials,Regional Banks,3066281216.0,NYQ
PG,Procter & Gamble Company (The),Consumer Staples,Personal Care Products,342397190144.0,NYQ
PGNY,Progyny Inc.,Health Care,Health Care Services,2400887040.0,NMS
PGR,Progressive Corporation (The),Financials,Property & Casualty Insurance,134325182464.0,NYQ
PH,Parker-Hannifin Corporation,Industrials,Specialty Industrial Machinery,121203064832.0,NYQ
PHI.L,Pacific Horizon Ord,,,1134812638.0,LSE
PHIN,PHINIA Inc.,Consumer Discretionary,Automotive Retail,2892786432.0,NYQ
PHM,PulteGroup Inc.,Consumer Discretionary,Homebuilding,23763173376.0,NYQ
PHP.L,Primary Health Properties Plc,Real Estate,REIT - Healthcare Facilities,3249179901.0,LSE
PI,Impinj Inc.,Information Technology,Electronic Equipment & Instruments,4387036160.0,NMS
PIN.L,Pantheon International Ord,,,2062393730.0,LSE
PINS,Pinterest Inc. Class A,Communication Services,Interactive Home Entertainment,12614743040.0,NYQ
PINT.L,Pantheon Infrastructure Ord,,,738538857.0,LSE
PIPR,Piper Sandler Companies,Financials,Investment Banking & Brokerage,4872332800.0,NYQ
PJT,PJT Partners Inc. Class A,Financials,Investment Banking & Brokerage,6402038272.0,NYQ
PK,Park Hotels & Resorts Inc.,Real Estate,Hotel & Resort REITs,2853297408.0,NYQ
PKG,Packaging Corporation of America,Materials,Paper & Plastic Packaging Products & Materials,20383098880.0,NYQ
PKOH,Park-Ohio Holdings Corp.,Industrials,Industrial Specialties,521789645.0,
PLAB,Photronics Inc.,Information Technology,Semiconductor Materials & Equipment,1763014570.0,
PLD,Prologis Inc.,Real Estate,Industrial REITs,134403497984.0,NYQ
PLMR,Palomar Holdings Inc. Common stock,Financials,Property & Casualty Insurance,3606382080.0,NMS
PLNT,Planet Fitness Inc.,Consumer Discretionary,Leisure Facilities,4077797888.0,NYQ
PLTR,Palantir Technologies Inc. Class A,Information Technology,Application Software,303955181568.0,NMS
PLUS,ePlus inc.,Technology,Software - Application,2365565184.0,NMS
PLUS.L,Plus500 Ltd.,Financial Services,Capital Markets,4022599877.0,LSE
PLXS,Plexus Corp.,Information Technology,Electronic Manufacturing Services,7151187968.0,NMS
PM,Philip Morris International Inc,Consumer Staples,Tobacco,283065450496.0,NYQ
PML,Pimco Municipal Income Fund II Common Shares of Beneficial Interest,Finance,Investment Managers,0.0,
PMT,PennyMac Mortgage Investment Trust Common Shares of Beneficial Interest,Real Estate,Mortgage REITs,896440281.0,
PNC,PNC Financial Services Group Inc. (The),Financials,Diversified Banks,101158150144.0,NYQ
PNFP,Pinnacle Financial Partners Inc. Common stock,Financials,Regional Banks,15181702144.0,NYQ
PNL.L,Personal Assets Ord,,,2249328207.0,LSE
PNN.L,Pennon Group Plc,Utilities,Utilities - Regulated Water,3099554388.0,LSE
PNR,Pentair plc. Ordinary Share,Industrials,Industrial Machinery & Supplies & Components,12312726528.0,NYQ
PNW,Pinnacle West Capital Corporati,Utilities,Utilities - Regulated Electric,13102756864.0,NYQ
PODD,Insulet Corporation,Health Care,Health Care Equipment,11171006464.0,NMS
POLN.L,Pollen Street Group Limited,Financial Services,Asset Management,693551056.0,LSE
POOL,Pool Corporation,Consumer Discretionary,Distributors,7669065728.0,NMS
POR,Portland General Electric Co,Utilities,Electric Utilities,6108229632.0,NYQ
POST,Post Holdings Inc.,Consumer Staples,Packaged Foods & Meats,3910432512.0,NYQ
POW.TO,Power Corporation of Canada,Financial Services,Insurance - Life,41087423108.0,TSX
POWI,Power Integrations Inc.,Information Technology,Semiconductors,4015739136.0,NMS
POWL,Powell Industries Inc.,Industrials,Electrical Components & Equipment,8459064320.0,NMS
PPC,Pilgrim's Pride Corporation,Consumer Staples,Packaged Foods & Meats,6721294848.0,NMS
PPET.L,Patria Private Equity Trust,,,1237179962.0,LSE
PPG,PPG Industries Inc.,Materials,Specialty Chemicals,26025803776.0,NYQ
PPH.L,PPHE Hotel Group Limited,Consumer Cyclical,Lodging,902125662.0,LSE
PPL,PPL Corporation,Utilities,Electric Utilities,26919094272.0,NYQ
PPL.TO,Pembina Pipeline Corporation,Energy,Oil & Gas Midstream,29678395184.0,TSX
PPLI,People Incorporated,Communication Services,Internet Content & Information,3459018496.0,NMS
PR,Permian Resources Corporation Class A,Energy,Oil & Gas Exploration & Production,16498416640.0,NYQ
PRA,ProAssurance Corporation,Financial Services,Insurance - Property & Casualty,1290193152.0,
PRAA,PRA Group Inc.,Finance,Finance: Consumer Services,705225019.0,
PRDO,Perdoceo Education Corporation,Consumer Defensive,Education & Training Services,2239128832.0,NMS
PRG,PROG Holdings Inc.,Financials,Consumer Finance,1772500551.0,
PRGO,Perrigo Company plc,Health Care,Pharmaceuticals,1414118609.0,
PRGS,Progress Software Corporation Common Stock (DE),Information Technology,Systems Software,1552749984.0,
PRI,Primerica Inc.,Financials,Life & Health Insurance,9497401344.0,NYQ
PRIM,Primoris Services Corporation,Industrials,Construction & Engineering,4698477568.0,NYQ
PRK,Park National Corporation,Financial Services,Banks - Regional,3338004480.0,ASE
PRKS,United Parks & Resorts Inc.,Consumer Discretionary,Leisure Facilities,2209242112.0,NYQ
PRLB,Proto Labs Inc. Common stock,Industrials,Industrial Machinery & Supplies & Components,1770276948.0,
PRN.L,Princes Group plc,Consumer Defensive,Packaged Foods,1064642381.0,LSE
PRSU,Pursuit Attractions and Hospitality Inc.,Consumer Discretionary,"Hotels, Resorts & Cruise Lines",1470827502.0,
PRTH,Priority Technology Holdings Inc.,Consumer Discretionary,Business Services,585545259.0,
PRU,Prudential Financial Inc.,Financials,Life & Health Insurance,40070901760.0,NYQ
PRU.L,Prudential plc,Financial Services,Insurance - Life,35341554784.0,LSE
PRVA,Privia Health Group Inc.,Health Care,Health Care Services,3464080128.0,NMS
PRY.MI,Prysmian S.p.A.,Industrials,Electrical Equipment & Parts,43903577442.0,MIL
PSA,Public Storage,Real Estate,Self-Storage REITs,56283811840.0,NYQ
PSH.L,"Pershing Square Holdings, Ltd.",Financial Services,Asset Management,9195788685.0,LSE
PSKY,Paramount Skydance Corporation Class B,Communication Services,Movies & Entertainment,10531419136.0,NMS
PSMT,PriceSmart Inc.,Consumer Staples,Consumer Staples Merchandise Retail,6057921024.0,NMS
PSN,Parsons Corporation,Industrials,Aerospace & Defense,5950145024.0,NYQ
PSN.L,Persimmon Plc,Consumer Cyclical,Residential Construction,4770258820.0,LSE
PSON.L,Pearson plc,Communication Services,Publishing,10109366588.0,LSE
PST.MI,Poste Italiane S.p.A.,Industrials,Conglomerates,41006669622.0,MIL
PSX,Phillips 66,Energy,Oil & Gas Refining & Marketing,75520114688.0,NYQ
PTC,PTC Inc.,Information Technology,Application Software,14408192000.0,NMS
PTCT,"PTC Therapeutics, Inc.",Healthcare,Biotechnology,7038251008.0,NMS
PTEC.L,Playtech plc,Consumer Cyclical,Gambling,1401216250.0,LSE
PTEN,Patterson-UTI Energy Inc.,Energy,Oil & Gas Drilling,3564610048.0,NMS
PTGX,"Protagonist Therapeutics, Inc.",Healthcare,Biotechnology,8451800576.0,NGM
PTON,"Peloton Interactive, Inc.",Consumer Cyclical,Leisure,2537332736.0,NMS
PUB.PA,Publicis Groupe S.A.,Communication Services,Advertising Agencies,25978869213.0,PAR
PUBM,PubMatic Inc. Class A,Technology,Computer Software: Programming Data Processing,629307054.0,
PUIG.MC,Puig Brands SA,Consumer Defensive,Household & Personal Products,18432820797.0,BME
PVH,PVH Corp.,Consumer Discretionary,"Apparel, Accessories & Luxury Goods",3659599360.0,NYQ
PWR,Quanta Services Inc.,Industrials,Construction & Engineering,98823610368.0,NYQ
PYPL,PayPal Holdings Inc.,Financials,Transaction & Payment Processing Services,40859123712.0,NMS
PZZA,Papa John's International Inc.,Consumer Discretionary,Restaurants,1101888449.0,
Q,Qnity Electronics Inc.,Information Technology,Semiconductor Materials & Equipment,30102978560.0,NYQ
QCOM,QUALCOMM Incorporated,Information Technology,Semiconductors,199374651392.0,NMS
QCP,"Quality Care Properties, Inc.",,,,
QDEL,QuidelOrtho Corporation,Health Care,Health Care Supplies,1245849369.0,
QIA.DE,Qiagen N.V.,Healthcare,Diagnostics & Research,8534361349.0,XETR
QLT.L,Quilter plc,Financial Services,Asset Management,3751006437.0,LSE
QLYS,Qualys Inc.,Information Technology,Systems Software,5377285120.0,NMS
QMCO,Quantum Corporation,Technology,Electronic Components,394532490.0,
QNST,QuinStreet Inc.,Communication Services,Interactive Media & Services,964507762.0,
QQ.L,QinetiQ Group plc,Industrials,Aerospace & Defense,3080586458.0,LSE
QQQ,Invesco QQQ Trust,,,490103177216.0,
QRVO,Qorvo Inc.,Information Technology,Semiconductors,7569987072.0,NMS
QSR.TO,Restaurant Brands International Inc.,Consumer Cyclical,Restaurants,35093718862.0,TSX
QTWO,Q2 Holdings Inc.,Information Technology,Application Software,3244580096.0,NYQ
R,"Ryder System, Inc.",Industrials,Rental & Leasing Services,10404401152.0,NYQ
RACE.MI,Ferrari N.V.,Consumer Cyclical,Auto Manufacturers,67226042935.0,MIL
RAL,Ralliant Corporation,Information Technology,Electronic Equipment & Instruments,7751370752.0,NYQ
RAMP,"LiveRamp Holdings, Inc.",Technology,Software - Infrastructure,2302585600.0,NYQ
RAT.L,Rathbones Group Plc,Financial Services,Asset Management,2341954411.0,LSE
RBA,RB Global Inc.,Industrials,Diversified Support Services,20144617472.0,NYQ
RBBN,Ribbon Communications Inc.,Technology,EDP Services,408642635.0,
RBC,RBC Bearings Incorporated,Industrials,Industrial Machinery & Supplies & Components,18838540288.0,NYQ
RC,Ready Capital Corporation,Real Estate,Real Estate Investment Trusts,272652717.0,
RCL,Royal Caribbean Cruises Ltd.,Consumer Discretionary,"Hotels, Resorts & Cruise Lines",76534800384.0,NYQ
RCP.L,RIT Capital Partners Ord,Financial Services,Asset Management,4547653654.0,LSE
RCUS,Arcus Biosciences Inc.,Health Care,Biotechnology,3637359872.0,NYQ
RDN,Radian Group Inc.,Financials,Property & Casualty Insurance,5031781376.0,NYQ
RDNT,RadNet Inc.,Health Care,Health Care Services,5158406144.0,NGM
REC.MI,Recordati Industria Chimica e Farmaceutica S.p.A.,Healthcare,Drug Manufacturers - General,11965668895.0,MIL
RED.MC,"Redeia Corporación, S.A.",Utilities,Utilities - Regulated Electric,9503061283.0,BME
REG,Regency Centers Corporation,Real Estate,Retail REITs,14883763200.0,NMS
REGN,Regeneron Pharmaceuticals Inc.,Health Care,Biotechnology,69667635200.0,NMS
REL.L,RELX PLC,Industrials,Specialty Business Services,58912522340.0,LSE
RELY,Remitly Global Inc.,Financials,Transaction & Payment Processing Services,5005036544.0,NMS
REP.MC,"Repsol, S.A.",Energy,Oil & Gas Integrated,30158572575.0,BME
RES,RPC Inc.,Energy,Oil & Gas Equipment & Services,1252254333.0,
REX,REX American Resources Corporation,Energy,Oil & Gas Refining & Marketing,1551366518.0,
REXR,Rexford Industrial Realty Inc.,Real Estate,Industrial REITs,7894155264.0,NYQ
REYN,Reynolds Consumer Products Inc.,Consumer Staples,Household Products,5536859136.0,NMS
REZI,Resideo Technologies Inc.,Industrials,Trading Companies & Distributors,5139406848.0,NYQ
RF,Regions Financial Corporation,Financial Services,Banks - Regional,26471833600.0,NYQ
RGEN,Repligen Corporation,Health Care,Biotechnology,8136252928.0,NMS
RH,RH,Consumer Discretionary,Homefurnishing Retail,3129450496.0,NYQ
RHI,Robert Half Inc.,Industrials,Human Resource & Employment Services,3314312448.0,NYQ
RHIM.L,RHI Magnesita N.V.,Industrials,Metal Fabrication,1922412700.0,LSE
RHM.DE,Rheinmetall AG,Industrials,Aerospace & Defense,51329349204.0,XETR
RHP,Ryman Hospitality Properties Inc. (REIT),Real Estate,Hotel & Resort REITs,7933466624.0,NYQ
RI.PA,Pernod Ricard SA,Consumer Defensive,Beverages - Wineries & Distilleries,19032880131.0,PAR
RICA.L,Ruffer Investment Company Limited,Financial Services,Asset Management,1160566689.0,LSE
RIG,Transocean Ltd (Switzerland),Energy,Oil & Gas Production,5755153408.0,NYQ
RIO.L,Rio Tinto Group,Basic Materials,Other Industrial Metals & Mining,147663874114.0,LSE
RITM,Rithm Capital Corp.,Financials,Mortgage REITs,5125255168.0,NYQ
RJF,Raymond James Financial Inc.,Financials,Investment Banking & Brokerage,32763736064.0,NYQ
RKLB,Rocket Lab Corporation,Industrials,Military/Government/Technical,50635313152.0,NMS
RKT.L,Reckitt Benckiser Group plc,Consumer Defensive,Household & Personal Products,43557377981.0,LSE
RL,Ralph Lauren Corporation,Consumer Discretionary,"Apparel, Accessories & Luxury Goods",23503003648.0,NYQ
RLI,RLI Corp. Common Stock (DE),Financials,Property & Casualty Insurance,5576059904.0,NYQ
RMBS,"Rambus, Inc.",Information Technology,Semiconductors,12122153984.0,NMS
RMD,ResMed Inc.,Health Care,Health Care Equipment,29572644864.0,NYQ
RMS.PA,Hermès International Société en commandite par actions,Consumer Cyclical,Luxury Goods,204446364108.0,PAR
RMV.L,Rightmove plc,Communication Services,Internet Content & Information,4546769172.0,LSE
RNG,RingCentral Inc. Class A,Information Technology,Application Software,3502774016.0,NYQ
RNK.L,The Rank Group Plc,Consumer Cyclical,Gambling,606358775.0,LSE
RNO.PA,Renault SA,Consumer Cyclical,Auto Manufacturers,8917399458.0,PAR
RNR,RenaissanceRe Holdings Ltd.,Financials,Reinsurance,13428980736.0,NYQ
RNST,Renasant Corporation,Financials,Regional Banks,3923410688.0,NYQ
ROCK,Gibraltar Industries Inc.,Industrials,Building Products,1252326220.0,
ROG,Rogers Corporation,Information Technology,Electronic Components,2454530816.0,NYQ
ROIV,Roivant Sciences Ltd.,Healthcare,Biotechnology,25872156672.0,NMS
ROK,Rockwell Automation Inc.,Industrials,Electrical Components & Equipment,52534657024.0,NYQ
ROKU,"Roku, Inc.",Communication Services,Entertainment,20870258688.0,NMS
ROL,Rollins Inc.,Industrials,Environmental & Facilities Services,21410689024.0,NYQ
ROP,Roper Technologies Inc.,Information Technology,Electronic Equipment & Instruments,35916488704.0,NMS
ROR.L,Rotork plc,Industrials,Specialty Industrial Machinery,5314369148.0,LSE
ROSE.L,Rosebank Industries plc,Financial Services,Asset Management,4020786774.0,LSE
ROST,Ross Stores Inc.,Consumer Discretionary,Apparel Retail,71495688192.0,NMS
ROVI.MC,"Laboratorios Farmaceuticos Rovi, S.A.",Healthcare,Drug Manufacturers - Specialty & Generic,3142310483.0,BME
RPD,Rapid7 Inc.,Technology,Computer Software: Prepackaged Software,746498003.0,
RPI.L,Raspberry Pi Holdings plc,Technology,Electronic Components,1896729770.0,LSE
RR.L,Rolls-Royce Holdings plc,Industrials,Aerospace & Defense,153640447725.0,LSE
RRC,Range Resources Corporation,Energy,Oil & Gas Exploration & Production,8362234368.0,NYQ
RRR,Red Rock Resorts Inc. Class A,Consumer Discretionary,Casinos & Gaming,6505948160.0,NMS
RS1.L,RS Group plc,Industrials,Industrial Distribution,4161477114.0,LSE
RSG,Republic Services Inc.,Industrials,Environmental & Facilities Services,67439968256.0,NYQ
RSW.L,Renishaw plc,Technology,Scientific & Technical Instruments,4792815371.0,LSE
RTO.L,Rentokil Initial plc,Industrials,Specialty Business Services,15231654708.0,LSE
RTW.L,RTW Biotech Opportunities Ltd,Financial Services,Asset Management,783483648.0,LSE
RTX,RTX Corporation,Industrials,Aerospace & Defense,263855669248.0,NYQ
RUN,Sunrun Inc.,Industrials,Building Products,2974709504.0,NMS
RUSHA,Rush Enterprises Inc. Common Stock Cl A,Industrials,Construction Machinery & Heavy Transportation Equipment,5865723904.0,NMS
RVTY,Revvity Inc.,Health Care,Health Care Equipment,12527047680.0,NYQ
RWE.DE,RWE Aktiengesellschaft,Utilities,Utilities - Diversified,45393823207.0,XETR
RWT,Redwood Trust Inc.,Real Estate,Real Estate Investment Trusts,638600259.0,
RXO,RXO Inc.,Industrials,Cargo Ground Transportation,4329158656.0,NYQ
RY.TO,Royal Bank of Canada,Financial Services,Banks - Diversified,300426898782.0,TSX
RYAM,Rayonier Advanced Materials Inc.,Basic Materials,Paper,492975793.0,
RYAN,Ryan Specialty Holdings Inc. Class A,Financials,Insurance Brokers,10667311104.0,NYQ
SAB.MC,"Banco de Sabadell, S.A.",Financial Services,Banks - Diversified,17687226921.0,BME
SABR,Sabre Corporation,Consumer Discretionary,"Hotels, Resorts & Cruise Lines",731329555.0,
SAF.PA,Safran SA,Industrials,Aerospace & Defense,156045439430.0,PAR
SAFE,Safehold Inc. New,Real Estate,Other Specialized REITs,1153637132.0,
SAFE.L,Safestore Holdings Plc,Real Estate,REIT - Industrial,1799124773.0,LSE
SAFT,Safety Insurance Group Inc.,Financials,Property & Casualty Insurance,1109333439.0,
SAGA.L,Saga plc,Financial Services,Insurance - Diversified,1290575478.0,LSE
SAH,"Sonic Automotive, Inc.",Consumer Cyclical,Auto & Truck Dealerships,2987852032.0,NYQ
SAIA,Saia Inc.,Industrials,Cargo Ground Transportation,11194620928.0,NMS
SAIC,Science Applications International Corporation,Industrials,Diversified Support Services,4761215488.0,NMS
SAIL,SailPoint Inc.,Technology,Computer Software: Prepackaged Software,7776078848.0,NMS
SAIN.L,Scottish American Ord,,,1082623760.0,LSE
SAN.MC,"Banco Santander, S.A.",Financial Services,Banks - Diversified,195634396232.0,BME
SAN.PA,Sanofi,Healthcare,Drug Manufacturers - General,105364186175.0,PAR
SANM,Sanmina Corporation,Information Technology,Electronic Manufacturing Services,11190671360.0,NMS
SAP.DE,SAP SE,Technology,Software - Application,183870515097.0,XETR
SAP.TO,Saputo Inc.,Consumer Defensive,Packaged Foods,12195175369.0,TSX
SARO,StandardAero Inc.,Industrials,Aerospace & Defense,9285942272.0,NYQ
SATS,EchoStar Corporation,Communication Services,Telecom Services,30115971072.0,
SBAC,SBA Communications Corporation Class A,Real Estate,Telecom Tower REITs,20155154432.0,NMS
SBCF,Seacoast Banking Corporation of Florida,Financials,Regional Banks,3201363456.0,NMS
SBH,Sally Beauty Holdings Inc. (Name to be changed from Sally Holdings Inc.),Consumer Discretionary,Specialty Stores,1458795751.0,
SBRA,Sabra Health Care REIT Inc.,Real Estate,Health Care REITs,4947970048.0,NMS
SBRY.L,J Sainsbury plc,Consumer Defensive,Grocery Stores,10424410027.0,LSE
SBSI,Southside Bancshares Inc.,Financials,Regional Banks,1021971273.0,
SBUX,Starbucks Corporation,Consumer Cyclical,Restaurants,120819597312.0,NMS
SCHL,Scholastic Corporation,Consumer Discretionary,Publishing,989930379.0,
SCHW,Charles Schwab Corporation (The),Financials,Investment Banking & Brokerage,179339657216.0,NYQ
SCL,Stepan Company,Materials,Specialty Chemicals,1284892682.0,
SCOR,comScore Inc.,Consumer Discretionary,Business Services,112448035.0,
SCSC,ScanSource Inc.,Information Technology,Technology Distributors,1078825999.0,
SCT.L,Softcat plc,Technology,Electronics & Computer Distribution,4995549848.0,LSE
SCVL,Shoe Station Group Inc.,Consumer Cyclical,Apparel Retail,473247296.0,
SCYR.MC,"Sacyr, S.A.",Industrials,Engineering & Construction,4333498443.0,BME
SDGR,Schrodinger Inc.,Health Care,Health Care Services,1232144739.0,
SDLF.L,Standard Life plc,Financial Services,Insurance - Life,12147693422.0,LSE
SDP.L,Schroder AsiaPacific Ord,,,1371503493.0,LSE
SDR.L,Schroders plc,Financial Services,Asset Management,12350225830.0,LSE
SEDG,"SolarEdge Technologies, Inc.",Technology,Solar,3355948288.0,NMS
SEIT.L,SDCL Efficiency Income Trust plc.,,,565078991.0,LSE
SEM,Select Medical Holdings Corp,Healthcare,Medical Care Facilities,2046298112.0,
SEQI.L,Sequoia Economic Infrastructure Income Fund Limited,Financial Services,Asset Management,1664189777.0,LSE
SES,SES AI Corporation Class A,Miscellaneous,Industrial Machinery/Components,284532832.0,
SEZL,Sezzle Inc.,Financials,Transaction & Payment Processing Services,6032014848.0,NCM
SFBS,ServisFirst Bancshares Inc.,Financials,Regional Banks,4665472000.0,NYQ
SFIX,Stitch Fix Inc. Class A,Consumer Discretionary,Catalog/Specialty Distribution,474996047.0,
SFM,Sprouts Farmers Market Inc.,Consumer Staples,Food Retail,7604422656.0,NMS
SFNC,Simmons First National Corporation Class A,Financials,Regional Banks,3316167936.0,NMS
SGE.L,The Sage Group plc,Technology,Software - Application,10276185893.0,LSE
SGLN.L,iShares Physical Gold ETC,,,,LSE
SGMT,Sagimet Biosciences Inc. Series A,Health Care,Biotechnology: Pharmaceutical Preparations,455110818.0,
SGO.PA,Compagnie de Saint-Gobain S.A.,Industrials,Building Products & Equipment,42946425627.0,PAR
SGRO.L,SEGRO Plc,Real Estate,REIT - Industrial,16110107095.0,LSE
SHAK,Shake Shack Inc. Class A,Consumer Discretionary,Restaurants,2506996992.0,NYQ
SHAW.L,Shawbrook Group PLC,Financial Services,Banks - Regional,2478034407.0,LSE
SHC,Sotera Health Company,Healthcare,Diagnostics & Research,5252776448.0,NMS
SHC.L,Shaftesbury Capital PLC,Real Estate,REIT - Retail,3472189549.0,LSE
SHEL.L,Shell plc,Energy,Oil & Gas Integrated,235901123835.0,LSE
SHEN,Shenandoah Telecommunications Co,Communication Services,Wireless Telecommunication Services,703142633.0,
SHL.DE,Siemens Healthineers AG,Healthcare,Medical Devices,45024067807.0,XETR
SHMD,SCHMID Group N.V. Class A,Technology,Industrial Machinery/Components,289186481.0,
SHO,Sunstone Hotel Investors Inc. Sunstone Hotel Investors Inc. Common Shares,Real Estate,Hotel & Resort REITs,2090188032.0,NYQ
SHOO,Steven Madden Ltd.,Consumer Discretionary,Footwear,3070319104.0,NMS
SHOP,Shopify Inc. Class A Subordinate Voting Shares,Technology,Computer Software: Prepackaged Software,159014600704.0,NMS
SHOP.TO,Shopify Inc.,Technology,Software - Application,164852786684.0,TSX
SHW,Sherwin-Williams Company (The),Materials,Specialty Chemicals,82373828608.0,NYQ
SIE.DE,Siemens Aktiengesellschaft,Industrials,Specialty Industrial Machinery,236241016925.0,XETR
SIG,Signet Jewelers Limited Common Shares,Consumer Discretionary,Specialty Stores,3316287488.0,NYQ
SIGI,Selective Insurance Group Inc.,Financials,Property & Casualty Insurance,5743283200.0,NMS
SIRI,SiriusXM Holdings Inc.,Communication Services,Entertainment,10239978496.0,NMS
SITM,SiTime Corporation,Information Technology,Semiconductors,18840225792.0,NGM
SJM,The J.M. Smucker Company,Consumer Staples,Packaged Foods & Meats,11927884800.0,NYQ
SKT,Tanger Inc.,Real Estate,Retail REITs,4737320960.0,NYQ
SKY,Champion Homes Inc.,Consumer Discretionary,Homebuilding,4459062784.0,NYQ
SKYW,SkyWest Inc.,Industrials,Passenger Airlines,3954923264.0,NMS
SLB,SLB Limited Common Shares,Energy,Oil & Gas Equipment & Services,71403954176.0,NYQ
SLF.TO,Sun Life Financial Inc.,Financial Services,Insurance - Diversified,45233021198.0,TSX
SLG,SL Green Realty Corp,Real Estate,Office REITs,3748496384.0,NYQ
SLM,SLM Corporation,Financials,Consumer Finance,4707280896.0,NMS
SLR.MC,"Solaria Energía y Medio Ambiente, S.A.",Utilities,Utilities - Renewable,2765065472.0,BME
SLV,iShares Silver Trust,,,28194189312.0,
SLVM,Sylvamo Corporation,Materials,Paper Products,1556861808.0,
SM,SM Energy Company,Energy,Oil & Gas Exploration & Production,6667411456.0,NYQ
SMCI,Super Micro Computer Inc.,Information Technology,"Technology Hardware, Storage & Peripherals",18312974336.0,NMS
SMIN.L,Smiths Group plc,Industrials,Specialty Industrial Machinery,10185245896.0,LSE
SMP,Standard Motor Products Inc.,Consumer Discretionary,Automotive Parts & Equipment,834205064.0,
SMPL,The Simply Good Foods Company,Consumer Staples,Packaged Foods & Meats,1155544836.0,
SMT.L,Scottish Mortgage Ord,,,20520050408.0,LSE
SMTC,Semtech Corporation,Information Technology,Semiconductors,12680669184.0,NMS
SMWH.L,WH Smith PLC,Consumer Cyclical,Specialty Retail,831156095.0,LSE
SN,SharkNinja Inc.,Consumer Discretionary,Household Appliances,21603086336.0,NYQ
SN.L,Smith & Nephew plc,Healthcare,Medical Devices,13206631321.0,LSE
SNA,Snap-On Incorporated,Industrials,Industrial Machinery & Supplies & Components,20821262336.0,NYQ
SNDK,Sandisk Corporation,Information Technology,"Technology Hardware, Storage & Peripherals",283728150528.0,NMS
SNDL,SNDL Inc. Common Shares,Health Care,Medicinal Chemicals and Botanical Products,340993000.0,
SNDR,"Schneider National, Inc.",Industrials,Trucking,6374524928.0,NYQ
SNEX,StoneX Group Inc.,Financials,Investment Banking & Brokerage,9329485824.0,NMS
SNPS,Synopsys Inc.,Information Technology,Application Software,85304041472.0,NMS
SNR.L,Senior plc,Industrials,Aerospace & Defense,1609274951.0,LSE
SNX,TD SYNNEX Corporation,Information Technology,Technology Distributors,20111224832.0,NYQ
SO,Southern Company (The),Utilities,Electric Utilities,107781259264.0,NYQ
SOFI,SoFi Technologies Inc.,Finance,Finance: Consumer Services,24089880576.0,NMS
SOI.L,Schroder Oriental Income Ord,,,1295936254.0,LSE
SOLS,Solstice Advanced Materials Inc.,Materials,Specialty Chemicals,9737028608.0,NMS
SOLV,Solventum Corporation,Health Care,Health Care Technology,13282500608.0,NYQ
SONO,Sonos Inc.,Consumer Discretionary,Consumer Electronics,1727365730.0,
SPCE,Virgin Galactic Holdings Inc.,Consumer Discretionary,Transportation Services,276065283.0,
SPG,Simon Property Group Inc.,Real Estate,Retail REITs,83128139776.0,NYQ
SPGI,S&P Global Inc.,Financials,Financial Exchanges & Data,127428001792.0,NYQ
SPHR,Sphere Entertainment Co. Class A,Communication Services,Movies & Entertainment,5304404480.0,NYQ
SPI.L,Spire Healthcare Group plc,Healthcare,Medical Care Facilities,1181720223.0,LSE
SPM.MI,Saipem SpA,Energy,Oil & Gas Equipment & Services,9395053297.0,MIL
SPNT,SiriusPoint Ltd.,Financial Services,Insurance - Reinsurance,2897413376.0,NYQ
SPSC,SPS Commerce Inc.,Information Technology,Application Software,2233967872.0,NMS
SPWR,SunPower Inc.,Technology,Semiconductors,96331540.0,
SPX.L,Spirax Group plc,Industrials,Specialty Industrial Machinery,6888543238.0,LSE
SPXC,SPX Technologies Inc.,Industrials,Industrial Machinery & Supplies & Components,11007756288.0,NYQ
SPY,State Street SPDR S&P 500 ETF Trust,,,781188857856.0,
SRE,DBA Sempra,Utilities,Multi-Utilities,61579235328.0,NYQ
SRE.L,Sirius Real Estate Limited,Real Estate,Real Estate Services,2071218213.0,LSE
SRG.MI,Snam S.p.A.,Utilities,Utilities - Regulated Gas,23498218579.0,MIL
SRP.L,Serco Group plc,Industrials,Specialty Business Services,3004273701.0,LSE
SRPT,Sarepta Therapeutics Inc. Common Stock (DE),Health Care,Biotechnology,2000669568.0,NMS
SSB,SouthState Bank Corporation,Financials,Regional Banks,9735549952.0,NYQ
SSD,Simpson Manufacturing Company Inc.,Industrials,Building Products,7766915584.0,NYQ
SSE.L,SSE plc,Utilities,Utilities - Diversified,39467767071.0,LSE
SSIT.L,Seraphim Space Investment Trust Ord,,,504813778.0,LSE
SSLN.L,iShares Physical Silver ETC,,,,LSE
SSPG.L,SSP Group plc,Consumer Cyclical,Restaurants,1931851665.0,LSE
ST,Sensata Technologies Holding plc,Industrials,Electrical Components & Equipment,6590980608.0,NYQ
STAA,STAAR Surgical Company,Health Care,Health Care Equipment,1382128621.0,
STAG,"Stag Industrial, Inc.",Real Estate,REIT - Industrial,7609068032.0,NYQ
STAN.L,Standard Chartered PLC,Financial Services,Banks - Diversified,62360737407.0,LSE
STBA,S&T Bancorp Inc.,Financials,Regional Banks,1753873193.0,
STC,Stewart Information Services Corporation,Financials,Property & Casualty Insurance,2083038080.0,NYQ
STE,STERIS plc (Ireland),Health Care,Health Care Equipment,21050859520.0,NYQ
STEL,"Stellar Bancorp, Inc.",,,2002201728.0,
STEP,StepStone Group Inc. Class A,Financials,Asset Management & Custody Banks,5414511104.0,NMS
STEX,Streamex Corp.,Health Care,Biotechnology: Electromedical & Electrotherapeutic Apparatus,95682572.0,
STJ.L,St. James's Place plc,Financial Services,Asset Management,7607462526.0,LSE
STLAM.MI,Stellantis N.V.,Consumer Cyclical,Auto Manufacturers,17404939167.0,MIL
STLAP.PA,Stellantis N.V.,Consumer Cyclical,Auto Manufacturers,17398308943.0,PAR
STLD,Steel Dynamics Inc.,Materials,Steel,32941084672.0,NMS
STMMI.MI,STMicroelectronics N.V.,Technology,Semiconductors,57203402394.0,MIL
STMPA.PA,STMicroelectronics N.V.,Technology,Semiconductors,57162564241.0,PAR
STRA,Strategic Education Inc.,Consumer Discretionary,Education Services,1903554680.0,
STRL,Sterling Infrastructure Inc.,Industrials,Construction & Engineering,20936718336.0,NMS
STRO,Sutro Biopharma Inc.,Health Care,Biotechnology: Biological Products (No Diagnostic Substances),492639151.0,
STT,State Street Corporation,Financial Services,Asset Management,49878958080.0,NYQ
STTK,Shattuck Labs Inc.,Health Care,Biotechnology: Pharmaceutical Preparations,509158633.0,
STWD,STARWOOD PROPERTY TRUST INC. Starwood Property Trust Inc.,Financials,Mortgage REITs,6328999936.0,NYQ
STX,Seagate Technology Holdings PLC,Technology,Computer Hardware,204124618752.0,NMS
STZ,Constellation Brands Inc.,Consumer Staples,Distillers & Vintners,22898030592.0,NYQ
SU.PA,Schneider Electric S.E.,Industrials,Specialty Industrial Machinery,170494946949.0,PAR
SU.TO,Suncor Energy Inc.,Energy,Oil & Gas Integrated,72042368215.0,TSX
SUPN,Supernus Pharmaceuticals Inc.,Health Care,Pharmaceuticals,2812604672.0,NGM
SUPR.L,Supermarket Income REIT plc,Real Estate,REIT - Retail,1435256594.0,LSE
SVS.L,Savills plc,Real Estate,Real Estate Services,1765499774.0,LSE
SVT.L,Severn Trent PLC,Utilities,Utilities - Regulated Water,12114161010.0,LSE
SVU,SUPERVALU INC.,,,,
SW,Smurfit WestRock plc,Materials,Paper & Plastic Packaging Products & Materials,23197044736.0,NYQ
SWK,Stanley Black & Decker Inc.,Industrials,Industrial Machinery & Supplies & Components,13714290688.0,NYQ
SWKS,Skyworks Solutions Inc.,Information Technology,Semiconductors,9081512960.0,NMS
SWMR,Swarmer Inc,Technology,Computer Software: Prepackaged Software,470830752.0,
SWX,"Southwest Gas Holdings, Inc.",Utilities,Utilities - Regulated Gas,6599140864.0,NYQ
SXI,Standex International Corporation,Industrials,Industrial Machinery & Supplies & Components,3823226880.0,NYQ
SXT,Sensient Technologies Corporation,Materials,Specialty Chemicals,4931188224.0,NYQ
SY1.DE,Symrise AG,Basic Materials,Specialty Chemicals,14303446919.0,XETR
SYF,Synchrony Financial,Financials,Consumer Finance,24366661632.0,NYQ
SYK,Stryker Corporation,Health Care,Health Care Equipment,126424711168.0,NYQ
SYNC.L,Syncona Limited,Financial Services,Asset Management,876571266.0,LSE
SYY,Sysco Corporation,Consumer Staples,Food Distributors,40086048768.0,NYQ
T,AT&T Inc.,Communication Services,Integrated Telecommunication Services,146818383872.0,NYQ
T.TO,TELUS Corporation,Communication Services,Telecom Services,16557134159.0,TSX
TALO,Talos Energy Inc.,Energy,Oil & Gas Exploration & Production,2253498624.0,NYQ
TAP,Molson Coors Beverage Company Class B,Consumer Staples,Brewers,7346386432.0,NYQ
TATE.L,Tate & Lyle plc,Consumer Defensive,Packaged Foods,3353213691.0,LSE
TBBK,The Bancorp Inc,Financials,Regional Banks,2768690176.0,NMS
TBCG.L,TBC Bank Group PLC,Financial Services,Banks - Regional,3507882307.0,LSE
TCAP.L,TP ICAP Group PLC,Financial Services,Capital Markets,3451434033.0,LSE
TCBI,Texas Capital Bancshares Inc.,Financials,Regional Banks,4470157312.0,NMS
TD,Toronto Dominion Bank (The),Finance,Commercial Banks,199121698816.0,NYQ
TD.TO,The Toronto-Dominion Bank,Financial Services,Banks - Diversified,203972565550.0,TSX
TDC,Teradata Corporation,Information Technology,IT Consulting & Other Services,3174934272.0,NYQ
TDG,Transdigm Group Incorporated,Industrials,Aerospace & Defense,72229830656.0,NYQ
TDS,Telephone and Data Systems Inc. Common Shares,Communication Services,Integrated Telecommunication Services,3886839040.0,NYQ
TDW,Tidewater Inc.,Energy,Oil & Gas Equipment & Services,3648738048.0,NYQ
TDY,Teledyne Technologies Incorporated,Information Technology,Electronic Equipment & Instruments,29400469504.0,NYQ
TECH,Bio-Techne Corp,Health Care,Life Sciences Tools & Services,11109300224.0,NMS
TEF.MC,"Telefónica, S.A.",Communication Services,Telecom Services,23203194093.0,BME
TEL,TE Connectivity plc,Information Technology,Electronic Manufacturing Services,58484244480.0,NYQ
TEM.L,Templeton Emerging Mkts Invmt Tr TEMIT,,,3641646096.0,LSE
TEN.MI,Tenaris S.A.,Energy,Oil & Gas Equipment & Services,28313811905.0,MIL
TEP.L,Telecom Plus Plc,Utilities,Utilities - Diversified,919558334.0,LSE
TEP.PA,Teleperformance SE,Industrials,Specialty Business Services,3614395589.0,PAR
TER,Teradyne Inc.,Information Technology,Semiconductor Materials & Equipment,56292560896.0,NMS
TFC,Truist Financial Corporation,Financial Services,Banks - Regional,64374579200.0,NYQ
TFIF.L,TwentyFour Income Fund Limited,Financial Services,Asset Management,1324113322.0,LSE
TFIN,Triumph Financial Inc.,Financials,Regional Banks,1867362485.0,
TFX,Teleflex Incorporated,Health Care,Health Care Equipment,6008795648.0,NYQ
TGT,Target Corporation,Consumer Defensive,Discount Stores,61379387392.0,NYQ
TGTX,"TG Therapeutics, Inc.",Healthcare,Biotechnology,8744134656.0,NCM
THC,Tenet Healthcare Corporation,Health Care,Health Care Facilities,17593483264.0,NYQ
THG.L,THG Plc,Consumer Cyclical,Internet Retail,679713945.0,LSE
THRL.L,Target Healthcare REIT Ord,,,945728333.0,LSE
THRM,Gentherm Inc,Consumer Discretionary,Automotive Parts & Equipment,1098809001.0,
TILE,Interface Inc.,Industrials,Office Services & Supplies,1930948946.0,
TIME,Clockwise U.S. Core Equity ETF,,,14645286.0,
TIT.MI,Telecom Italia S.p.A.,Communication Services,Telecom Services,18933884869.0,MIL
TITN,Titan Machinery Inc.,Consumer Discretionary,Other Specialty Stores,425730829.0,
TJX,TJX Companies Inc. (The),Consumer Discretionary,Apparel Retail,167185956864.0,NYQ
TKO,TKO Group Holdings Inc. Class A,Communication Services,Movies & Entertainment,35243687936.0,NYQ
TLN,Talen Energy Corporation,Utilities,Independent Power Producers & Energy Traders,18439311360.0,NMS
TMC,TMC the metals company Inc.,Basic Materials,Metal Mining,1823860991.0,
TMDX,TransMedics Group Inc.,Health Care,Health Care Equipment,2461773824.0,NGM
TMHC,Taylor Morrison Home Corporatio,Consumer Cyclical,Residential Construction,6610196480.0,NYQ
TMO,Thermo Fisher Scientific Inc,Health Care,Life Sciences Tools & Services,195863085056.0,NYQ
TMP,Tompkins Financial Corporation,Financials,Regional Banks,1315751443.0,
TMPL.L,Temple Bar Ord,,,1654860294.0,LSE
TMUS,T-Mobile US Inc.,Communication Services,Wireless Telecommunication Services,203032412160.0,NMS
TNC,Tennant Company,Industrials,Industrial Machinery & Supplies & Components,1457678152.0,
TNDM,Tandem Diabetes Care Inc.,Health Care,Health Care Equipment,1056033261.0,
TOI,The Oncology Institute Inc.,Health Care,Medical/Nursing Services,588899475.0,
TOU.TO,Tourmaline Oil Corp.,Energy,Oil & Gas E&P,17145289179.0,TSX
TPK.L,Travis Perkins plc,Industrials,Industrial Distribution,1603639434.0,LSE
TPL,Texas Pacific Land Corporation,Energy,Oil & Gas Exploration & Production,27439409152.0,NYQ
TPR,Tapestry Inc.,Consumer Discretionary,"Apparel, Accessories & Luxury Goods",28433752064.0,NYQ
TR,Tootsie Roll Industries Inc.,Consumer Staples,Packaged Foods & Meats,2868532480.0,NYQ
TREE,LendingTree Inc.,Finance,Finance: Consumer Services,632071715.0,
TREX,Trex Company Inc.,Industrials,Building Products,4899864064.0,NYQ
TRGP,"Targa Resources, Inc.",Energy,Oil & Gas Midstream,58672914432.0,NYQ
TRI,Thomson Reuters Corp,Consumer Discretionary,Publishing,39135707136.0,NMS
TRI.TO,Thomson Reuters Corporation,Industrials,Specialty Business Services,43415279103.0,TSX
TRIG.L,The Renewables Infrastructure Group Limited,Utilities,Utilities - Renewable,2332068205.0,LSE
TRIP,TripAdvisor Inc.,Communication Services,Interactive Media & Services,1626729143.0,
TRMB,Trimble Inc.,Information Technology,Application Software,12312950784.0,NMS
TRMK,Trustmark Corporation,Financials,Regional Banks,2711678720.0,NMS
TRN,Trinity Industries Inc.,Industrials,Construction Machinery & Heavy Transportation Equipment,2837551360.0,NYQ
TRN.L,Trainline plc,Consumer Cyclical,Travel Services,1060291175.0,LSE
TRN.MI,Terna S.p.A.,Utilities,Utilities - Regulated Electric,23098382886.0,MIL
TRNO,Terreno Realty Corporation,Real Estate,Industrial REITs,7336786432.0,NYQ
TROO,TROOPS Inc.,Finance,Diversified Financial Services,252871544.0,
TROW,"T. Rowe Price Group, Inc.",Financial Services,Asset Management,25401307136.0,NMS
TRP.TO,TC Energy Corporation,Energy,Oil & Gas Midstream,72771245618.0,TSX
TRST,TrustCo Bank Corp NY,Financials,Regional Banks,952027703.0,
TRST.L,Trustpilot Group plc,Technology,Software - Application,1350188838.0,LSE
TRU,TransUnion,Industrials,Research & Consulting Services,14463855616.0,NYQ
TRUP,Trupanion Inc.,Financials,Life & Health Insurance,1126716792.0,
TRV,"The Travelers Companies, Inc.",Financial Services,Insurance - Property & Casualty,72069537792.0,NYQ
TRY.L,TR Property Ord,,,1325145477.0,LSE
TSCO,Tractor Supply Company,Consumer Discretionary,Other Specialty Retail,15959001088.0,NMS
TSCO.L,Tesco PLC,Consumer Defensive,Grocery Stores,40159681533.0,LSE
TSLA,Tesla Inc.,Consumer Discretionary,Automobile Manufacturers,1531433975808.0,NMS
TSN,Tyson Foods Inc.,Consumer Staples,Packaged Foods & Meats,20363644928.0,NYQ
TT,Trane Technologies plc,Industrials,Building Products,106040311808.0,NYQ
TTD,The Trade Desk Inc. Class A,Communication Services,Advertising,9181216768.0,NGM
TTE.PA,TotalEnergies SE,Energy,Oil & Gas Integrated,177021459219.0,PAR
TTEK,Tetra Tech Inc.,Industrials,Construction & Engineering,8042670592.0,NMS
TTMI,TTM Technologies Inc.,Information Technology,Electronic Manufacturing Services,15207802880.0,NMS
TTWO,Take-Two Interactive Software Inc.,Communication Services,Interactive Home Entertainment,45154131968.0,NMS
TW.L,Taylor Wimpey plc,Consumer Cyclical,Residential Construction,3904960915.0,LSE
TWI,Titan International Inc. (DE),Industrials,Steel/Iron Ore,472490186.0,
TWLO,Twilio Inc.,Technology,Software - Infrastructure,32564598784.0,NYQ
TWO,Two Harbors Investment Corp,Financials,Mortgage REITs,1268959703.0,
TXN,Texas Instruments Incorporated,Technology,Semiconductors,283457486848.0,NMS
TXRH,Texas Roadhouse Inc.,Consumer Discretionary,Restaurants,12455761920.0,NMS
TXT,Textron Inc.,Industrials,Aerospace & Defense,15808247808.0,NYQ
TYL,Tyler Technologies Inc.,Information Technology,Application Software,12732179456.0,NYQ
UA,Under Armour Inc. Class C,Consumer Discretionary,"Apparel, Accessories & Luxury Goods",2818007552.0,NYQ
UAA,Under Armour Inc. Class A,Consumer Discretionary,"Apparel, Accessories & Luxury Goods",2894746112.0,NYQ
UAL,United Airlines Holdings Inc.,Industrials,Passenger Airlines,40895787008.0,NMS
UBER,Uber Technologies Inc.,Industrials,Passenger Ground Transportation,151733551104.0,NYQ
UBSI,United Bankshares Inc.,Financials,Regional Banks,6353893376.0,NMS
UCB,United Community Banks Inc.,Financials,Regional Banks,4254860032.0,NYQ
UCG.MI,UniCredit S.p.A.,Financial Services,Banks - Regional,141684937900.0,MIL
UCTT,Ultra Clean Holdings Inc.,Information Technology,Semiconductor Materials & Equipment,4763908608.0,NMS
UDR,UDR Inc.,Real Estate,Multi-Family Residential REITs,14720586752.0,NYQ
UE,Urban Edge Properties Common Shares of Beneficial Interest,Real Estate,Retail REITs,3021578240.0,NYQ
UEM.L,Utilico Emerging Markets Ord,Financial Services,Asset Management,668312523.0,LSE
UFCS,United Fire Group Inc.,Financials,Property & Casualty Insurance,1325910659.0,
UFPI,UFP Industries Inc.,Industrials,Building Products,4790653440.0,NMS
UFPT,UFP Technologies Inc.,Health Care,Health Care Equipment,1832958218.0,
UHS,Universal Health Services Inc.,Health Care,Health Care Facilities,9417640960.0,NYQ
UHT,Universal Health Realty Income Trust,Real Estate,Real Estate Investment Trusts,597483250.0,
UKW.L,Greencoat UK Wind,,,3053001286.0,LSE
ULH,Universal Logistics Holdings Inc.,Industrials,Trucking Freight/Courier Services,376031794.0,
ULS,UL Solutions Inc. Class A,Industrials,Research & Consulting Services,17590413312.0,NYQ
ULTA,Ulta Beauty Inc.,Consumer Discretionary,Other Specialty Retail,20170586112.0,NMS
ULTI,REX IncomeMax Option Strategy ETF,,,39157936.0,
ULVR.L,Unilever PLC,Consumer Defensive,Household & Personal Products,134299427626.0,LSE
UMBF,UMB Financial Corporation,Financials,Regional Banks,10985763840.0,NMS
UNF,Unifirst Corporation,Industrials,Specialty Business Services,4914916352.0,NYQ
UNFI,United Natural Foods Inc.,Consumer Staples,Food Retail,2957570304.0,NYQ
UNH,UnitedHealth Group Incorporated Common Stock (DE),Health Care,Managed Health Care,385616248832.0,NYQ
UNI.MC,"Unicaja Banco, S.A.",Financial Services,Banks - Regional,9568488324.0,BME
UNI.MI,Unipol Assicurazioni S.p.A.,Financial Services,Insurance - Property & Casualty,21819727865.0,MIL
UNIT,Uniti Group Inc.,Communication Services,Alternative Carriers,2629693440.0,NMS
UNM,Unum Group,Financials,Life & Health Insurance,13980421120.0,NYQ
UNP,Union Pacific Corporation,Industrials,Rail Transportation,170371940352.0,NYQ
UP,Wheels Up Experience Inc. Class A,Consumer Discretionary,Transportation Services,280413520.0,
UPB,Upstream Bio Inc.,Health Care,Biotechnology: Pharmaceutical Preparations,409782495.0,
UPBD,Upbound Group Inc.,Consumer Discretionary,Computer & Electronics Retail,1233495242.0,
UPS,"United Parcel Service, Inc.",Industrials,Integrated Freight & Logistics,95600205824.0,NYQ
UPWK,Upwork Inc.,Industrials,Human Resource & Employment Services,1089429968.0,
URBN,Urban Outfitters Inc.,Consumer Discretionary,Apparel Retail,5894262784.0,NMS
URI,United Rentals Inc.,Industrials,Trading Companies & Distributors,68632436736.0,NYQ
URW.PA,Unibail-Rodamco-Westfield SE,Real Estate,REIT - Retail,17116864759.0,PAR
USA.L,Baillie Gifford US Growth Ord,,,1211411687.0,LSE
USB,U.S. Bancorp,Financials,Diversified Banks,97218035712.0,NYQ
USFD,US Foods Holding Corp.,Consumer Staples,Food Distributors,22237984768.0,NYQ
USPH,U.S. Physical Therapy Inc.,Health Care,Health Care Facilities,1103970954.0,
UTG.L,Unite Group PLC,Real Estate,REIT - Diversified,3647718854.0,LSE
UTI,Universal Technical Institute I,Consumer Defensive,Education & Training Services,2667723776.0,NYQ
UTL,UNITIL Corporation,Utilities,Electric Utilities,954592432.0,
UU.L,United Utilities Group PLC,Utilities,Utilities - Regulated Water,13518443725.0,LSE
UVV,Universal Corporation,Consumer Staples,Tobacco,1286550864.0,
UWMC,UWM Holdings Corporation Class A,Finance,Finance: Consumer Services,3330263296.0,
UXIN,Uxin Limited ADS,Consumer Discretionary,Business Services,400364075.0,
V,Visa Inc.,Financials,Transaction & Payment Processing Services,663651549184.0,NYQ
VAC,Marriott Vacations Worldwide Corporation,Consumer Discretionary,"Hotels, Resorts & Cruise Lines",3376266496.0,NYQ
VAL,Valaris Limited Common Shares,Energy,Oil & Gas Drilling,5371860480.0,NYQ
VC,Visteon Corporation,Consumer Discretionary,Automotive Parts & Equipment,2845048576.0,NMS
VCEL,Vericel Corporation,Health Care,Biotechnology,2400206592.0,NGM
VCT.L,Victrex plc,Basic Materials,Specialty Chemicals,840267216.0,LSE
VCTR,"Victory Capital Holdings, Inc. ",Financial Services,Asset Management,5767868928.0,NMS
VCYT,Veracyte Inc.,Health Care,Health Care Services,4545787392.0,NGM
VECO,Veeco Instruments Inc.,Information Technology,Semiconductor Materials & Equipment,3503322112.0,NMS
VEEV,Veeva Systems Inc. Class A,Health Care,Health Care Technology,30883719168.0,NYQ
VEIL.L,Vietnam Enterprise Ord,Financial Services,Asset Management,1232880652.0,LSE
VFC,V.F. Corporation,Consumer Discretionary,"Apparel, Accessories & Luxury Goods",6579660288.0,NYQ
VGNT,Versigent PLC,Consumer Discretionary,Other Specialty Retail,2927908352.0,NYQ
VIAV,Viavi Solutions Inc.,Information Technology,Communications Equipment,10627218432.0,NMS
VICI,VICI Properties Inc.,Real Estate,Hotel & Resort REITs,28639096832.0,NYQ
VICR,Vicor Corporation,Industrials,Electrical Components & Equipment,12400421888.0,NMS
VIE.PA,Veolia Environnement SA,Industrials,Waste Management,31187680896.0,PAR
VIR,Vir Biotechnology Inc.,Health Care,Biotechnology,1679773661.0,
VIRT,"Virtu Financial, Inc.",Financial Services,Capital Markets,14158718976.0,NYQ
VITL,Vital Farms Inc.,Consumer Staples,Packaged Foods,554887479.0,
VLO,Valero Energy Corporation,Energy,Oil & Gas Refining & Marketing,83346063360.0,NYQ
VLTO,Veralto Corp,Industrials,Environmental & Facilities Services,22767050752.0,NYQ
VMC,Vulcan Materials Company (Holding Company),Materials,Construction Materials,38310129664.0,NYQ
VNA.DE,Vonovia SE,Real Estate,Real Estate Services,20395210249.0,XETR
VNO,Vornado Realty Trust,Real Estate,Office REITs,7853773312.0,NYQ
VNOM,Viper Energy Inc. Class A,Energy,Oil & Gas Storage & Transportation,15131887616.0,NMS
VNT,Vontier Corporation,Information Technology,Electronic Equipment & Instruments,4142336000.0,NYQ
VOD.L,Vodafone Group Public Limited Company,Communication Services,Telecom Services,36058100969.0,LSE
VOF.L,VinaCapital Vietnam Opportunity Fund Limited,Financial Services,Asset Management,727935667.0,LSE
VOW3.DE,Volkswagen AG,Consumer Cyclical,Auto Manufacturers,42134039768.0,XETR
VOXR,Vox Royalty Corp.,Basic Materials,Precious Metals,314191962.0,
VOYA,"Voya Financial, Inc.",Financial Services,Financial Conglomerates,8845405184.0,NYQ
VRRM,Verra Mobility Corporation Class A,Industrials,Data Processing & Outsourced Services,625855410.0,
VRSK,Verisk Analytics Inc.,Industrials,Research & Consulting Services,24290138112.0,NMS
VRSN,VeriSign Inc.,Information Technology,Internet Services & Infrastructure,24580007936.0,NMS
VRT,Vertiv Holdings LLC Class A,Industrials,Electrical Components & Equipment,122476929024.0,NYQ
VRTS,Virtus Investment Partners Inc.,Financials,Asset Management & Custody Banks,1070542766.0,
VRTX,Vertex Pharmaceuticals Incorporated,Health Care,Biotechnology,123194621952.0,NMS
VSAT,ViaSat Inc.,Information Technology,Communications Equipment,10046012416.0,NMS
VSCO,Victoria's Secret & Co,Consumer Cyclical,Apparel Retail,4312813568.0,
VSEC,VSE Corporation,Industrials,Aerospace & Defense,5928476160.0,NMS
VSH,Vishay Intertechnology Inc.,Information Technology,Electronic Components,6851390464.0,NYQ
VSNT,Versant Media Group Inc. Class A,Communication Services,Cable & Satellite,5007614464.0,NMS
VST,Vistra Corp.,Utilities,Electric Utilities,53564805120.0,NYQ
VSTS,Vestis Corporation,Industrials,Diversified Support Services,1919486841.0,
VSVS.L,Vesuvius plc,Basic Materials,Steel,1519505126.0,LSE
VSXY,Victorias Secret & Co.,Consumer Discretionary,Apparel Retail,6228971008.0,NYQ
VTOL,Bristow Group Inc.,Energy,Oil & Gas Equipment & Services,1291709780.0,
VTR,"Ventas, Inc.",Real Estate,REIT - Healthcare Facilities,44076150784.0,NYQ
VTRS,Viatris Inc.,Healthcare,Drug Manufacturers - Specialty & Generic,18947272704.0,NMS
VTY.L,Vistry Group PLC,Consumer Cyclical,Residential Construction,1204656946.0,LSE
VVR,Invesco Senior Income Trust Common Stock (DE),Finance,Trusts Except Educational Religious and Charitable,0.0,
VVV,Valvoline Inc.,Consumer Discretionary,Automotive Retail,4927993856.0,NYQ
VYX,NCR Voyix Corporation,Information Technology,IT Consulting & Other Services,1110725831.0,
VZ,Verizon Communications Inc.,Communication Services,Integrated Telecommunication Services,175874539520.0,NYQ
WAB,Westinghouse Air Brake Technologies Corporation,Industrials,Construction Machinery & Heavy Transportation Equipment,44321419264.0,NYQ
WABC,Westamerica Bancorporation,Financials,Regional Banks,1370522174.0,
WAFD,WaFd Inc.,Financials,Regional Banks,2815150848.0,NMS
WAL,Western Alliance Bancorporation Common Stock (DE),Financials,Regional Banks,8810167296.0,NYQ
WAT,Waters Corporation,Health Care,Life Sciences Tools & Services,36960100352.0,NYQ
WAY,Waystar Holding Corp.,Health Care,Health Care Technology,4302363136.0,NMS
WBD,Warner Bros. Discovery Inc. Series A,Communication Services,Broadcasting,66664767488.0,NMS
WCC,WESCO International Inc.,Industrials,Trading Companies & Distributors,16317112320.0,NYQ
WCN.TO,"Waste Connections, Inc.",Industrials,Waste Management,44505930773.0,TSX
WD,Walker & Dunlop Inc,Financials,Commercial & Residential Mortgage Finance,1724458235.0,
WDAY,Workday Inc. Class A,Information Technology,Application Software,34316963840.0,NMS
WDC,Western Digital Corporation,Information Technology,"Technology Hardware, Storage & Peripherals",200806662144.0,NMS
WDFC,WD-40 Company,Consumer Staples,Household Products,3555382528.0,NMS
WEAV,Weave Communications Inc.,Technology,Computer Software: Prepackaged Software,551389851.0,
WEC,WEC Energy Group Inc.,Utilities,Electric Utilities,37445423104.0,NYQ
WEIR.L,The Weir Group PLC,Industrials,Specialty Industrial Machinery,8756311457.0,LSE
WELL,Welltower Inc.,Real Estate,REIT - Healthcare Facilities,163482714112.0,NYQ
WEN,Wendy's Company (The),Consumer Discretionary,Restaurants,1438128832.0,
WERN,"Werner Enterprises, Inc.",Industrials,Trucking,2628812544.0,NMS
WFC,Wells Fargo & Company,Financials,Diversified Banks,266726129664.0,NYQ
WFRD,Weatherford International plc,Energy,Oil & Gas Equipment & Services,6064758784.0,NMS
WGO,Winnebago Industries Inc.,Consumer Discretionary,Automobile Manufacturers,830257387.0,
WHD,Cactus Inc. Class A,Energy,Oil & Gas Equipment & Services,3734017536.0,NYQ
WHR,Whirlpool Corporation,Consumer Discretionary,Household Appliances,2639597568.0,NYQ
WINA,Winmark Corporation,Consumer Discretionary,Other Specialty Retail,1378977510.0,
WING,Wingstop Inc.,Consumer Discretionary,Restaurants,4174477824.0,NMS
WIX.L,Wickes Group plc,Consumer Cyclical,Home Improvement Retail,572852181.0,LSE
WIZZ.L,Wizz Air Holdings Plc,Industrials,Airlines,1576508228.0,LSE
WKC,World Kinect Corporation,Energy,Oil & Gas Refining & Marketing,1813874529.0,
WKP.L,Workspace Group Plc,Real Estate,REIT - Office,916534110.0,LSE
WLK,Westlake Corporation,Materials,Specialty Chemicals,9672000512.0,NYQ
WLY,"John Wiley & Sons, Inc.",Communication Services,Publishing,2553753600.0,NYQ
WM,Waste Management Inc.,Industrials,Environmental & Facilities Services,93699670016.0,NYQ
WMB,"Williams Companies, Inc. (The)",Energy,Oil & Gas Midstream,91749326848.0,NYQ
WMG,Warner Music Group Corp. Class A,Communication Services,Movies & Entertainment,15121634304.0,NMS
WMS,Advanced Drainage Systems Inc.,Industrials,Building Products,11525356544.0,NYQ
WMT,Walmart Inc.,Consumer Staples,Consumer Staples Merchandise Retail,906425204736.0,NMS
WN.TO,George Weston Limited,Consumer Defensive,Grocery Stores,27616536647.0,TSX
WOR,Worthington Enterprises Inc. Common Shares,Industrials,Building Products,2688893184.0,NYQ
WOSG.L,Watches of Switzerland Group PLC,Consumer Cyclical,Luxury Goods,2498340613.0,LSE
WPC,W. P. Carey Inc. REIT,Real Estate,Diversified REITs,15961485312.0,NYQ
WPM.TO,Wheaton Precious Metals Corp.,Basic Materials,Gold,46882108071.0,TSX
WPP.L,WPP plc,Communication Services,Advertising Agencies,4195552975.0,LSE
WRB,W.R. Berkley Corporation,Financials,Property & Casualty Insurance,26874658816.0,NYQ
WRLD,World Acceptance Corporation,Financials,Consumer Finance,927043729.0,
WS,Worthington Steel Inc. Common Shares,Materials,Steel,1679149471.0,
WSC,WillScot Holdings Corporation Class A,Industrials,Office Services & Supplies,4749300224.0,NCM
WSFS,WSFS Financial Corporation,Financials,Regional Banks,4039138560.0,NMS
WSM,Williams-Sonoma Inc. Common Stock (DE),Consumer Discretionary,Homefurnishing Retail,26110310400.0,NYQ
WSP.TO,WSP Global Inc.,Industrials,Engineering & Construction,17446486910.0,TSX
WSR,Whitestone REIT Common Shares,Real Estate,Retail REITs,975971623.0,
WST,"West Pharmaceutical Services, I",Healthcare,Medical Instruments & Supplies,24988760064.0,NYQ
WT,"WisdomTree, Inc.",Financial Services,Asset Management,2939531008.0,NYQ
WTB.L,Whitbread plc,Consumer Cyclical,Lodging,5358255009.0,LSE
WTFC,Wintrust Financial Corporation,Financials,Regional Banks,10894162944.0,NMS
WTS,Watts Water Technologies Inc. Class A,Industrials,Building Products,11765613568.0,NYQ
WTW,Willis Towers Watson Public Limited Company,Financials,Insurance Brokers,27356856320.0,NMS
WU,Western Union Company (The),Financials,Transaction & Payment Processing Services,2449491200.0,NYQ
WWH.L,Worldwide Healthcare Ord,Financial Services,Asset Management,1860635805.0,LSE
WWW,Wolverine World Wide Inc.,Consumer Discretionary,Footwear,1452034771.0,
WY,Weyerhaeuser Company,Real Estate,Timber REITs,16908449792.0,NYQ
WYNN,Wynn Resorts Limited Common stock,Consumer Discretionary,Casinos & Gaming,10354801664.0,NMS
XEL,Xcel Energy Inc.,Utilities,Multi-Utilities,49979019264.0,NMS
XELA,"Exela Technologies, Inc.",Technology,Software - Application,305261.0,
XHR,Xenia Hotels & Resorts Inc.,Real Estate,Hotel & Resort REITs,1860598492.0,
XNCR,Xencor Inc.,Health Care,Biotechnology,1175144297.0,
XOM,ExxonMobil Holdings Corporation,Energy,Integrated Oil & Gas,575650267136.0,NYQ
XPEL,XPEL Inc.,Consumer Discretionary,Automotive Parts & Equipment,1226188223.0,
XPO,XPO Inc.,Industrials,Cargo Ground Transportation,24407187456.0,NYQ
XPP.L,XP Power Limited,Industrials,Electrical Equipment & Parts,669087005.0,LSE
XPS.L,XPS Pensions Group plc,Consumer Cyclical,Personal Services,916152817.0,LSE
XRAY,DENTSPLY SIRONA Inc.,Health Care,Health Care Supplies,2456005120.0,NMS
XRN,Chiron Real Estate Inc.,Real Estate,Real Estate Investment Trusts,480689026.0,
XRX,Xerox Holdings Corporation,Technology,Computer peripheral equipment,368789033.0,
XYL,Xylem Inc. Common Stock New,Industrials,Industrial Machinery & Supplies & Components,28813205504.0,NYQ
XYZ,Block Inc. Class A,Financials,Transaction & Payment Processing Services,46007492608.0,NYQ
YELP,Yelp Inc.,Communication Services,Interactive Media & Services,1419310070.0,
YETI,YETI Holdings Inc.,Consumer Discretionary,Leisure Products,3705339392.0,NYQ
YORW,York Water Company (The),Utilities,Water Supply,496005773.0,
YOU,Clear Secure Inc. Class A,Information Technology,Application Software,7380776448.0,NYQ
YUM,"Yum! Brands, Inc.",Consumer Cyclical,Restaurants,45075091456.0,NYQ
Z,Zillow Group Inc. Class C Capital Stock,Consumer Discretionary,Business Services,7365129728.0,NMS
ZAL.DE,Zalando SE,Consumer Cyclical,Internet Retail,8261539151.0,XETR
ZBH,Zimmer Biomet Holdings Inc.,Health Care,Health Care Equipment,17670862848.0,NYQ
ZBRA,Zebra Technologies Corporation Class A,Information Technology,Electronic Equipment & Instruments,12981051392.0,NMS
ZD,Ziff Davis Inc.,Communication Services,Advertising,1922071172.0,
ZIG.L,Zigup Plc,Industrials,Rental & Leasing Services,1396640992.0,LSE
ZION,Zions Bancorporation N.A.,Financials,Regional Banks,10393508864.0,NMS
ZKH,ZKH Group Limited American Depositary Shares each representing thirty-five (35) Class A,Consumer Discretionary,RETAIL: Building Materials,440206508.0,
ZS,Zscaler Inc.,Technology,EDP Services,22521284608.0,NMS
ZSQR,Z Squared Inc.,Finance,Finance: Consumer Services,440253580.0,
ZTS,Zoetis Inc. Class A,Health Care,Pharmaceuticals,31676876800.0,NYQ
ZWS,Zurn Elkay Water Solutions Corporation,Industrials,Industrial Machinery & Supplies & Components,7933127680.0,NYQ
^FTSE,FTSE 100,,,,
^GSPC,S&P 500,,,,
^IXIC,NASDAQ Composite,,,,
